elapsedMs,x,y
0,757,516
31,768,518
46,778,520
62,791,525
78,807,531
93,828,540
109,849,549
125,874,561
140,899,574
156,928,590
171,961,608
187,991,621
203,1023,636
218,1057,651
234,1091,666
250,1126,681
265,1157,694
281,1188,706
296,1219,718
312,1243,728
328,1264,735
343,1281,744
359,1294,750
375,1304,756
390,1313,761
406,1321,765
421,1324,766
437,1326,766
453,1328,768
468,1331,768
484,1333,768
500,1336,768
515,1337,768
531,1338,767
546,1338,763
562,1338,757
578,1336,748
593,1331,738
609,1326,730
625,1321,721
640,1318,715
656,1314,710
671,1311,706
687,1311,705
703,1311,705
718,1311,705
734,1311,705
750,1311,705
765,1311,705
781,1311,705
796,1311,705
812,1311,705
828,1311,705
843,1311,706
859,1311,709
875,1311,713
890,1311,718
906,1311,725
921,1312,733
937,1314,740
953,1318,749
968,1321,754
984,1322,756
1000,1323,760
1015,1323,763
1031,1323,765
1046,1323,768
1062,1323,771
1078,1323,776
1093,1323,784
1109,1323,790
1125,1321,799
1140,1320,808
1156,1319,814
1171,1318,820
1187,1318,824
1203,1318,828
1218,1318,828
1234,1318,828
1250,1318,828
1265,1318,828
1281,1318,828
1296,1318,828
1312,1318,828
1328,1318,828
1343,1318,828
1359,1319,828
1375,1321,828
1390,1323,828
1406,1324,828
1421,1327,829
1437,1328,829
1453,1328,829
1468,1328,830
1484,1328,830
1500,1328,830
1515,1328,830
1531,1328,830
1546,1328,830
1562,1329,830
1578,1329,831
1593,1329,831
1609,1329,831
1625,1329,831
1640,1329,831
1656,1329,831
1671,1329,831
1687,1329,831
1703,1329,831
1718,1329,833
1734,1329,833
1750,1328,834
1765,1326,835
1781,1325,835
1796,1323,836
1812,1319,836
1828,1313,838
1843,1303,838
1859,1288,838
1875,1255,832
1890,1213,823
1906,1149,811
1921,1076,798
1937,1000,787
1953,924,775
1968,846,760
1984,768,742
2000,703,727
2015,644,713
2031,590,701
2046,539,686
2062,486,668
2078,441,655
2093,393,643
2109,355,636
2125,320,630
2140,289,626
2156,264,622
2171,243,621
2187,229,620
2203,220,618
2218,216,617
2234,215,616
2250,214,615
2265,213,612
2281,211,611
2296,211,610
2312,211,608
2328,211,605
2343,213,598
2359,218,587
2375,223,576
2390,231,563
2406,239,546
2421,249,525
2437,258,500
2453,263,475
2468,264,455
2484,264,440
2500,264,427
2515,264,420
2531,264,415
2546,264,413
2562,264,413
2578,264,413
2593,264,413
2609,264,418
2625,266,430
2640,268,450
2656,271,479
2671,273,511
2687,276,544
2703,277,571
2718,277,590
2734,276,604
2750,275,618
2765,275,631
2781,281,653
2796,289,673
2812,297,690
2828,304,704
2843,312,716
2859,318,729
2875,326,740
2890,329,750
2906,333,756
2921,337,763
2937,339,766
2953,341,771
2968,344,775
2984,346,779
3000,347,780
3015,348,781
3031,349,783
3046,351,784
3062,351,785
3078,351,785
3093,351,785
3109,351,785
3125,351,785
3140,351,785
3156,351,785
3171,351,783
3187,351,782
3203,350,781
3218,350,780
3234,351,776
3250,353,775
3265,353,775
3281,353,775
3296,353,775
3312,353,775
3328,353,775
3343,353,775
3359,353,775
3375,353,775
3390,353,775
3406,353,775
3421,353,775
3437,353,775
3453,353,775
3468,353,775
3484,353,775
3500,353,775
3515,353,775
3531,353,775
3546,353,775
3562,353,775
3578,353,775
3593,353,775
3609,353,775
3625,353,775
3640,353,775
3656,353,775
3671,353,775
3687,353,775
3703,353,775
3718,353,775
3734,353,775
3750,353,775
3765,354,775
3781,354,775
3796,354,775
3812,354,775
3828,354,775
3843,354,775
3859,354,775
3875,354,775
3890,354,775
3906,354,775
3921,354,775
3937,354,775
3953,354,775
3968,354,775
3984,354,775
4000,354,775
4015,354,775
4031,354,775
4046,354,775
4062,354,775
4078,354,775
4093,354,775
4109,354,775
4125,354,775
4140,354,775
4156,354,775
4171,354,775
4187,354,775
4203,354,775
4218,354,775
4234,354,775
4250,354,775
4265,354,775
4281,354,775
4296,354,775
4312,357,775
4328,361,773
4343,364,772
4359,368,771
4375,369,770
4390,371,770
4406,371,770
4421,372,770
4437,373,770
4453,374,770
4468,376,770
4484,378,770
4500,382,770
4515,384,770
4531,386,770
4546,386,770
4562,386,770
4578,386,770
4593,385,770
4609,381,771
4625,379,773
4640,378,773
4656,378,773
4671,375,773
4687,374,773
4703,374,773
4718,374,773
4734,374,773
4750,374,773
4765,377,763
4781,391,737
4796,417,695
4812,462,628
4828,514,546
4843,582,447
4859,654,357
4875,732,280
4890,809,211
4906,863,167
4921,902,138
4937,926,125
4953,933,123
4968,933,123
4984,933,123
5000,933,123
5015,933,123
5031,933,123
5046,933,123
5062,933,123
5078,933,123
5093,933,123
5109,933,123
5125,933,123
5140,933,123
5156,933,123
5171,933,123
5187,933,123
5203,933,123
5218,933,123
5234,933,123
5250,933,125
5265,931,126
5281,930,130
5296,929,139
5312,928,151
5328,925,166
5343,924,180
5359,923,193
5375,919,206
5390,911,225
5406,904,253
5421,894,304
5437,888,376
5453,879,469
5468,860,588
5484,833,698
5500,806,790
5515,790,844
5531,775,878
5546,764,900
5562,754,918
5578,744,928
5593,736,931
5609,731,933
5625,729,931
5640,728,930
5656,728,930
5671,728,930
5687,728,930
5703,728,930
5718,726,930
5734,725,930
5750,725,931
5765,725,931
5781,725,931
5796,725,931
5812,724,931
5828,724,931
5843,724,931
5859,723,931
5875,723,933
5890,723,933
5906,723,933
5921,723,933
5937,723,933
5953,723,933
5968,728,930
5984,741,927
6000,763,921
6015,801,906
6031,857,866
6046,942,787
6062,1049,683
6078,1158,586
6093,1271,490
6109,1393,392
6125,1477,331
6140,1551,295
6156,1603,277
6171,1637,271
6187,1651,271
6203,1652,271
6218,1652,271
6234,1652,271
6250,1652,271
6265,1652,271
6281,1652,271
6296,1652,271
6312,1652,271
6328,1652,271
6343,1652,271
6359,1652,271
6375,1652,271
6390,1652,271
6406,1652,271
6421,1652,271
6437,1652,271
6453,1652,271
6468,1652,271
6484,1650,273
6500,1644,274
6515,1639,276
6531,1633,279
6546,1625,280
6562,1615,284
6578,1601,289
6593,1583,300
6609,1556,319
6625,1523,351
6640,1480,406
6656,1433,480
6671,1375,590
6687,1320,716
6703,1274,844
6718,1238,950
6734,1213,1011
6750,1193,1053
6765,1181,1083
6781,1176,1108
6796,1170,1123
6812,1165,1129
6828,1159,1131
6843,1153,1133
6859,1150,1134
6875,1149,1135
6890,1149,1135
6906,1149,1135
6921,1148,1135
6937,1148,1135
6953,1148,1135
6968,1148,1135
6984,1148,1135
7000,1148,1135
7015,1148,1135
7031,1148,1135
7046,1148,1135
7062,1148,1135
7078,1148,1135
7093,1148,1135
7109,1148,1135
7125,1148,1135
7140,1148,1135
7156,1148,1133
7171,1148,1133
7187,1148,1132
7203,1148,1131
7218,1148,1130
7234,1149,1127
7250,1152,1125
7265,1156,1122
7281,1162,1118
7296,1171,1113
7312,1182,1108
7328,1196,1101
7343,1212,1092
7359,1229,1077
7375,1248,1062
7390,1268,1048
7406,1289,1035
7421,1311,1021
7437,1346,1000
7453,1403,963
7468,1493,902
7484,1608,821
7500,1723,732
7515,1836,652
7531,1953,578
7546,2043,533
7562,2117,501
7578,2182,476
7593,2219,462
7609,2233,457
7625,2234,457
7640,2233,457
7656,2225,460
7671,2216,464
7687,2211,466
7703,2211,466
7718,2211,466
7734,2211,466
7750,2211,466
7765,2211,466
7781,2211,466
7796,2211,466
7812,2211,466
7828,2211,466
7843,2211,466
7859,2211,466
7875,2211,466
7890,2211,466
7906,2211,466
7921,2211,466
7937,2211,466
7953,2211,466
7968,2211,466
7984,2211,466
8000,2211,466
8015,2211,466
8031,2211,466
8046,2211,466
8062,2211,466
8078,2211,466
8093,2211,466
8109,2211,466
8125,2211,466
8140,2211,466
8156,2211,466
8171,2211,466
8187,2213,461
8203,2214,460
8218,2214,458
8234,2214,458
8250,2214,458
8265,2214,458
8281,2214,458
8296,2214,458
8312,2214,458
8328,2214,458
8343,2214,458
8359,2214,458
8375,2214,458
8390,2214,458
8406,2214,458
8421,2214,458
8437,2214,458
8453,2214,458
8468,2214,458
8484,2214,458
8500,2214,458
8515,2214,458
8531,2214,458
8546,2214,458
8562,2214,458
8578,2214,458
8593,2214,458
8609,2214,458
8625,2214,458
8640,2214,458
8656,2214,458
8671,2214,458
8687,2214,458
8703,2214,458
8718,2214,458
8734,2214,458
8750,2214,458
8765,2214,458
8781,2214,458
8796,2214,458
8812,2214,458
8828,2214,458
8843,2214,458
8859,2214,458
8875,2214,458
8890,2214,458
8906,2214,458
8921,2214,458
8937,2214,458
8953,2214,458
8968,2214,458
8984,2214,458
9000,2214,458
9015,2214,458
9031,2214,458
9046,2214,458
9062,2214,458
9078,2214,458
9093,2214,458
9109,2214,458
9125,2214,458
9140,2214,458
9156,2214,458
9171,2214,458
9187,2214,458
9203,2214,458
9218,2214,458
9234,2214,458
9250,2214,458
9265,2214,458
9281,2214,458
9296,2214,458
9312,2214,458
9328,2214,458
9343,2214,458
9359,2214,458
9375,2214,458
9390,2214,458
9406,2214,458
9421,2214,458
9437,2214,458
9453,2214,458
9468,2214,458
9484,2214,458
9500,2214,458
9515,2214,458
9531,2214,458
9546,2214,458
9562,2214,458
9578,2214,458
9593,2214,458
9609,2214,458
9625,2214,458
9640,2214,458
9656,2214,458
9671,2214,458
9687,2214,458
9703,2214,458
9718,2214,458
9734,2214,458
9750,2214,458
9765,2214,458
9781,2214,458
9796,2214,458
9812,2214,458
9828,2214,458
9843,2214,458
9859,2214,458
9875,2214,458
9890,2214,458
9906,2214,458
9921,2214,458
9937,2214,458
9953,2214,458
9968,2210,463
9984,2203,469
10000,2193,476
10015,2183,486
10031,2175,494
10046,2168,500
10062,2160,508
10078,2145,520
10093,2134,531
10109,2128,538
10125,2126,541
10140,2125,543
10156,2124,544
10171,2124,545
10187,2124,545
10203,2124,545
10218,2124,545
10234,2124,545
10250,2124,545
10265,2124,545
10281,2124,545
10296,2124,545
10312,2124,545
10328,2124,545
10343,2124,545
10359,2124,545
10375,2124,545
10390,2124,545
10406,2124,545
10421,2124,545
10437,2124,545
10453,2118,548
10468,2093,561
10484,2058,583
10500,1998,624
10515,1944,676
10531,1883,749
10546,1835,809
10562,1786,865
10578,1740,909
10593,1698,944
10609,1650,978
10625,1601,1000
10640,1541,1010
10656,1480,1010
10671,1413,1010
10687,1346,1010
10703,1275,1006
10718,1209,1001
10734,1146,996
10750,1091,990
10765,1044,983
10781,1000,980
10796,963,976
10812,933,973
10828,908,970
10843,886,966
10859,868,962
10875,854,958
10890,845,955
10906,843,953
10921,843,953
10937,843,953
10953,843,952
10968,843,952
10984,843,952
11000,844,952
11015,846,952
11031,847,952
11046,847,952
11062,847,952
11078,847,952
11093,847,952
11109,847,952
11125,847,952
11140,847,952
11156,847,952
11171,847,952
11187,848,952
11203,849,951
11218,851,951
11234,852,951
11250,853,951
11265,853,951
11281,853,951
11296,853,951
11312,853,951
11328,853,951
11343,853,951
11359,853,951
11375,853,951
11390,853,951
11406,853,951
11421,853,951
11437,853,951
11453,853,951
11468,853,951
11484,853,951
11500,853,951
11515,853,951
11531,853,951
11546,853,951
11562,853,951
11578,853,951
11593,853,951
11609,853,951
11625,853,951
11640,853,951
11656,853,951
11671,853,951
11687,853,951
11703,853,951
11718,853,951
11734,853,951
11750,853,951
11765,853,951
11781,853,951
11796,853,951
11812,853,951
11828,853,951
11843,853,951
11859,853,951
11875,853,951
11890,853,951
11906,853,951
11921,853,951
11937,853,951
11953,853,951
11968,853,951
11984,853,951
12000,853,951
12015,853,951
12031,853,951
12046,853,951
12062,853,951
12078,853,951
12093,853,951
12109,853,951
12125,853,951
12140,853,951
12156,853,951
12171,853,951
12187,853,951
12203,853,951
12218,853,951
12234,853,951
12250,853,951
12265,853,951
12281,853,951
12296,853,951
12312,853,951
12328,853,951
12343,853,951
12359,853,951
12375,853,951
12390,853,951
12406,853,951
12421,853,951
12437,853,951
12453,853,951
12468,853,951
12484,853,951
12500,853,951
12515,853,951
12531,853,951
12546,853,951
12562,853,951
12578,853,951
12593,853,951
12609,853,951
12625,853,951
12640,853,951
12656,853,951
12671,853,951
12687,853,951
12703,853,951
12718,853,951
12734,853,951
12750,853,951
12765,853,951
12781,853,951
12796,853,951
12812,853,951
12828,853,951
12843,853,951
12859,853,951
12875,853,951
12890,853,951
12906,853,951
12921,853,951
12937,853,951
12953,853,951
12968,853,951
12984,853,951
13000,853,951
13015,853,951
13031,853,951
13046,853,951
13062,853,951
13078,853,951
13093,853,951
13109,853,951
13125,853,951
13140,853,951
13156,853,951
13171,853,951
13187,853,951
13203,853,951
13218,853,951
13234,853,951
13250,853,951
13265,853,951
13281,853,951
13296,853,951
13312,853,951
13328,853,951
13343,853,951
13359,853,951
13375,853,951
13390,853,951
13406,853,951
13421,853,951
13437,853,951
13453,853,951
13468,853,951
13484,853,951
13500,853,951
13515,853,951
13531,853,951
13546,853,951
13562,853,951
13578,853,951
13593,853,951
13609,856,953
13625,871,964
13640,894,990
13656,904,1021
13671,904,1040
13687,904,1043
13703,904,1043
13718,904,1043
13734,904,1043
13750,904,1043
13765,906,1043
13781,907,1044
13796,909,1045
13812,912,1048
13828,917,1054
13843,933,1068
13859,954,1083
13875,977,1095
13890,997,1104
13906,1022,1111
13921,1054,1114
13937,1098,1112
13953,1156,1093
13968,1206,1066
13984,1242,1028
14000,1264,982
14015,1271,938
14031,1265,895
14046,1253,877
14062,1241,884
14078,1229,911
14093,1220,945
14109,1218,984
14125,1221,1020
14140,1233,1051
14156,1248,1064
14171,1271,1063
14187,1291,1053
14203,1303,1038
14218,1307,1021
14234,1303,1001
14250,1289,980
14265,1261,956
14281,1221,928
14296,1189,918
14312,1173,930
14328,1169,966
14343,1174,1010
14359,1188,1048
14375,1209,1074
14390,1238,1083
14406,1269,1080
14421,1298,1066
14437,1317,1046
14453,1321,1022
14468,1313,993
14484,1291,965
14500,1264,940
14515,1243,930
14531,1236,931
14546,1238,946
14562,1251,968
14578,1276,991
14593,1304,1013
14609,1344,1025
14625,1387,1026
14640,1423,1026
14656,1447,1025
14671,1463,1022
14687,1472,1021
14703,1479,1018
14718,1484,1018
14734,1484,1018
14750,1484,1017
14765,1484,1016
14781,1484,1015
14796,1484,1015
14812,1484,1015
14828,1484,1015
14843,1484,1015
14875,1484,1015
14890,1484,1015
14906,1484,1015
14921,1484,1015
14937,1484,1015
14953,1484,1015
14968,1484,1015
14984,1484,1015
15000,1484,1015
15015,1484,1015
15031,1484,1015
15046,1484,1015
15078,1484,1015
15093,1484,1015
15109,1484,1015
15125,1484,1015
15140,1484,1015
15156,1484,1015
15171,1484,1015
15187,1484,1015
15203,1484,1015
15218,1484,1015
15234,1484,1015
15250,1484,1015
15265,1484,1015
15281,1484,1015
15296,1484,1015
15312,1484,1015
15328,1484,1015
15343,1484,1015
15359,1484,1015
15375,1484,1015
15390,1484,1015
15406,1484,1015
15421,1484,1015
15437,1484,1015
15453,1484,1015
15468,1484,1015
15484,1484,1015
15500,1484,1015
15515,1484,1015
15531,1484,1015
15546,1484,1015
15562,1484,1015
15578,1484,1015
15593,1484,1015
15609,1484,1015
15625,1484,1015
15640,1484,1015
15656,1484,1015
15671,1484,1015
15687,1484,1015
15703,1484,1015
15718,1484,1015
15734,1484,1015
15750,1484,1015
15765,1484,1015
15781,1484,1015
15796,1484,1015
15812,1484,1015
15828,1484,1015
15843,1484,1015
15859,1484,1015
15875,1484,1015
15890,1484,1015
15906,1484,1015
15921,1484,1015
15937,1484,1015
15953,1484,1015
15968,1484,1015
15984,1484,1015
16000,1484,1015
16015,1484,1015
16031,1484,1015
16046,1484,1015
16062,1484,1015
16078,1484,1015
16093,1484,1015
16109,1484,1015
16125,1484,1015
16140,1484,1015
16156,1484,1015
16171,1484,1015
16187,1484,1015
16203,1484,1015
16218,1484,1015
16234,1484,1015
16250,1484,1015
16265,1484,1015
16281,1484,1015
16296,1484,1015
16312,1484,1015
16328,1484,1015
16343,1484,1015
16359,1484,1015
16375,1484,1015
16390,1484,1015
16406,1484,1015
16421,1484,1015
16437,1484,1015
16453,1484,1015
16468,1484,1015
16484,1484,1015
16500,1484,1015
16515,1484,1015
16531,1484,1015
16546,1484,1015
16562,1484,1015
16578,1484,1015
16593,1484,1015
16609,1484,1015
16625,1484,1015
16640,1484,1015
16656,1484,1015
16671,1484,1015
16687,1484,1015
16703,1484,1015
16718,1484,1015
16734,1484,1015
16750,1484,1015
16765,1484,1015
16781,1484,1015
16796,1484,1015
16812,1484,1015
16828,1484,1015
16843,1484,1015
16859,1484,1015
16875,1484,1015
16890,1484,1015
16906,1484,1015
16921,1484,1015
16937,1484,1015
16953,1484,1015
16968,1484,1015
16984,1484,1015
17000,1484,1015
17015,1484,1015
17031,1484,1015
17046,1484,1015
17062,1484,1015
17078,1484,1015
17093,1484,1015
17109,1484,1015
17125,1484,1015
17140,1484,1015
17156,1484,1015
17171,1484,1015
17187,1484,1015
17203,1484,1015
17218,1484,1015
17234,1484,1015
17250,1484,1015
17265,1484,1015
17281,1484,1015
17296,1484,1015
17312,1484,1015
17328,1484,1015
17343,1484,1015
17359,1484,1015
17375,1484,1015
17390,1484,1015
17406,1484,1015
17421,1484,1015
17437,1484,1015
17453,1484,1015
17468,1484,1015
17484,1484,1015
17500,1484,1015
17515,1484,1015
17531,1484,1015
17546,1484,1015
17562,1484,1015
17578,1484,1015
17593,1484,1015
17609,1484,1015
17625,1484,1015
17640,1484,1015
17656,1484,1015
17671,1484,1015
17687,1484,1015
17703,1484,1015
17718,1484,1015
17734,1484,1015
17750,1484,1015
17765,1484,1015
17781,1484,1015
17796,1484,1015
17812,1484,1015
17828,1484,1015
17843,1484,1015
17859,1484,1015
17875,1484,1015
17890,1484,1015
17906,1484,1015
17921,1484,1015
17937,1484,1015
17953,1484,1015
17968,1484,1015
17984,1484,1015
18000,1484,1015
18015,1484,1015
18031,1484,1015
18046,1484,1015
18062,1484,1015
18078,1484,1015
18093,1484,1015
18109,1484,1015
18125,1484,1015
18140,1484,1015
18156,1484,1015
18171,1484,1015
18187,1484,1015
18203,1484,1015
18218,1484,1015
18234,1484,1015
18250,1484,1015
18265,1484,1015
18281,1484,1015
18296,1484,1015
18312,1484,1015
18328,1484,1015
18343,1484,1015
18359,1484,1015
18375,1484,1015
18390,1484,1015
18406,1484,1015
18421,1484,1015
18437,1484,1015
18453,1484,1015
18468,1484,1015
18484,1484,1015
18500,1484,1015
18515,1484,1015
18531,1484,1015
18546,1484,1015
18562,1484,1015
18578,1484,1015
18593,1484,1015
18609,1484,1015
18625,1484,1015
18640,1484,1015
18656,1484,1015
18671,1484,1015
18687,1484,1015
18703,1484,1015
18718,1484,1015
18734,1484,1015
18750,1484,1015
18765,1484,1015
18781,1484,1015
18796,1484,1015
18812,1484,1015
18828,1484,1015
18843,1484,1015
18859,1484,1015
18875,1484,1015
18890,1481,1018
18906,1469,1030
18921,1448,1048
18937,1420,1069
18953,1389,1089
18968,1366,1103
18984,1348,1113
19000,1330,1121
19015,1311,1130
19031,1289,1143
19046,1265,1156
19062,1238,1173
19078,1210,1193
19093,1185,1213
19109,1159,1236
19125,1131,1256
19140,1106,1271
19156,1081,1283
19171,1060,1290
19187,1039,1303
19203,1033,1309
19218,1034,1311
19234,1034,1311
19250,1034,1311
19265,1034,1311
19281,1034,1311
19296,1034,1311
19312,1034,1311
19328,1034,1311
19343,1034,1311
19359,1034,1311
19375,1034,1311
19390,1034,1311
19406,1034,1311
19421,1034,1311
19437,1034,1311
19453,1034,1311
19468,1034,1311
19484,1034,1311
19500,1034,1311
19515,1034,1311
19531,1034,1311
19546,1034,1311
19562,1034,1311
19578,1034,1311
19593,1034,1311
19609,1034,1311
19625,1034,1311
19640,1033,1311
19656,1033,1310
19671,1033,1306
19687,1036,1301
19703,1041,1296
19718,1044,1291
19734,1047,1287
19750,1048,1282
19765,1049,1277
19781,1049,1272
19796,1049,1268
19812,1049,1265
19828,1049,1262
19843,1049,1261
19859,1049,1260
19875,1049,1258
19890,1049,1256
19906,1049,1255
19921,1051,1252
19937,1051,1248
19953,1054,1241
19968,1058,1231
19984,1063,1222
20000,1064,1220
20015,1064,1220
20031,1064,1220
20046,1064,1220
20062,1064,1220
20078,1064,1220
20093,1064,1220
20109,1064,1220
20125,1064,1220
20140,1064,1220
20156,1064,1220
20171,1064,1220
20187,1064,1220
20203,1064,1220
20218,1064,1220
20234,1064,1220
20250,1064,1220
20265,1064,1220
20281,1064,1220
20296,1064,1220
20312,1064,1220
20328,1064,1220
20343,1064,1220
20359,1064,1220
20375,1064,1220
20390,1064,1220
20406,1064,1220
20421,1064,1220
20437,1064,1220
20453,1064,1220
20468,1064,1220
20484,1064,1220
20500,1064,1220
20515,1064,1220
20531,1064,1220
20546,1064,1220
20562,1064,1220
20578,1064,1220
20593,1064,1220
20609,1063,1220
20625,1063,1220
20640,1063,1220
20656,1063,1220
20671,1063,1220
20687,1063,1220
20703,1063,1220
20718,1063,1220
20734,1063,1220
20750,1063,1220
20765,1063,1220
20781,1063,1220
20796,1063,1220
20812,1063,1220
20828,1063,1220
20843,1063,1220
20859,1063,1220
20875,1063,1220
20890,1063,1220
20906,1063,1220
20921,1063,1220
20937,1063,1220
20953,1063,1220
20968,1063,1220
20984,1063,1220
21000,1063,1220
21015,1063,1220
21031,1063,1220
21046,1063,1220
21062,1063,1220
21078,1063,1220
21093,1063,1220
21109,1063,1220
21125,1063,1220
21140,1063,1220
21156,1063,1220
21171,1063,1220
21187,1063,1220
21203,1063,1220
21218,1063,1220
21234,1063,1220
21250,1063,1220
21265,1063,1220
21281,1063,1220
21296,1063,1220
21312,1063,1220
21328,1063,1220
21343,1063,1220
21359,1063,1220
21375,1063,1220
21390,1063,1220
21406,1063,1220
21421,1063,1220
21437,1063,1220
21453,1063,1220
21468,1063,1220
21484,1063,1220
21500,1063,1220
21515,1063,1220
21531,1063,1220
21546,1063,1220
21562,1063,1220
21578,1063,1220
21593,1063,1220
21609,1063,1220
21625,1063,1220
21640,1063,1220
21656,1063,1220
21671,1063,1220
21687,1061,1220
21703,1059,1220
21718,1058,1220
21734,1055,1220
21750,1051,1220
21765,1049,1220
21781,1048,1220
21796,1048,1220
21812,1048,1220
21828,1048,1220
21843,1048,1220
21859,1048,1220
21875,1048,1220
21890,1048,1220
21906,1048,1220
21921,1048,1220
21937,1048,1220
21953,1048,1220
21968,1048,1220
21984,1048,1220
22000,1048,1220
22015,1048,1220
22031,1048,1220
22046,1048,1220
22062,1048,1220
22078,1048,1220
22093,1048,1220
22109,1048,1220
22125,1048,1220
22140,1048,1220
22156,1048,1220
22171,1048,1220
22187,1048,1220
22203,1048,1220
22218,1048,1220
22234,1048,1220
22250,1048,1220
22265,1048,1220
22281,1048,1220
22296,1048,1220
22312,1048,1220
22328,1048,1220
22343,1048,1220
22359,1048,1220
22375,1048,1220
22390,1048,1220
22406,1048,1220
22421,1048,1220
22437,1048,1220
22453,1048,1220
22468,1048,1220
22484,1048,1220
22500,1048,1220
22515,1048,1220
22531,1048,1220
22546,1048,1220
22562,1048,1220
22578,1048,1220
22593,1048,1220
22609,1048,1220
22625,1048,1220
22640,1048,1220
22656,1048,1220
22671,1048,1220
22687,1048,1218
22703,1048,1218
22718,1048,1218
22734,1048,1218
22750,1048,1217
22781,1048,1217
22796,1048,1217
22812,1048,1217
22828,1048,1217
22843,1048,1217
22859,1046,1217
22875,1045,1216
22890,1044,1215
22906,1043,1215
22937,1040,1212
22953,1035,1206
22968,1029,1200
22984,1023,1193
23000,1014,1185
23031,1011,1181
23046,1009,1178
23062,1008,1175
23078,1003,1171
23093,996,1167
23125,981,1162
23156,969,1156
23171,969,1156
23187,969,1155
23203,969,1152
23218,972,1151
23234,974,1150
23250,976,1148
23265,977,1148
23281,979,1147
23296,983,1145
23312,988,1141
23328,992,1136
23343,997,1133
23359,1001,1131
23375,1001,1128
23390,1002,1128
23406,1002,1128
23421,1002,1127
23437,1002,1127
23453,1001,1127
23468,1001,1128
23484,1000,1130
23500,999,1134
23515,998,1138
23531,996,1140
23546,995,1143
23562,995,1143
23578,994,1144
23593,993,1144
23609,988,1145
23625,978,1145
23640,959,1146
23656,938,1149
23671,915,1150
23687,886,1153
23703,853,1155
23718,819,1158
23734,785,1163
23750,750,1174
23765,721,1184
23781,703,1191
23796,691,1194
23812,689,1195
23828,689,1195
23843,689,1195
23859,692,1195
23875,694,1195
23890,696,1193
23906,697,1192
23921,698,1190
23937,701,1186
23953,706,1177
23968,708,1166
23984,711,1155
24000,713,1127
24015,714,1108
24031,714,1081
24046,714,1053
24062,714,1010
24078,714,966
24093,716,928
24109,719,893
24125,722,863
24140,726,833
24156,731,806
24171,734,780
24187,739,757
24203,742,731
24218,743,707
24234,743,680
24250,743,656
24265,743,633
24281,744,611
24296,746,592
24312,746,580
24328,746,575
24343,746,575
24359,746,575
24375,746,575
24390,746,575
24406,746,575
24421,746,575
24437,746,575
24453,746,575
24468,746,575
24484,746,575
24500,746,573
24515,741,568
24531,735,560
24546,729,548
24562,728,540
24578,733,530
24593,753,518
24609,793,506
24625,848,493
24640,924,482
24656,1014,473
24671,1107,462
24687,1208,447
24703,1284,435
24718,1399,415
24734,1468,403
24750,1532,390
24765,1583,376
24781,1617,365
24796,1636,357
24812,1644,350
24828,1646,348
24843,1646,348
24859,1646,348
24875,1646,348
24890,1646,348
24906,1646,348
24921,1647,348
24937,1647,348
24953,1648,348
24968,1648,348
24984,1648,348
25000,1648,348
25015,1649,348
25031,1656,347
25046,1663,345
25062,1683,336
25078,1701,323
25093,1717,302
25109,1741,263
25125,1767,227
25140,1799,187
25156,1822,162
25171,1838,141
25187,1844,128
25203,1847,121
25218,1847,115
25234,1846,110
25250,1843,102
25265,1839,95
25281,1838,88
25296,1836,86
25312,1836,85
25328,1835,85
25343,1834,85
25359,1833,85
25375,1833,85
25390,1831,86
25406,1829,96
25421,1826,116
25437,1826,143
25453,1826,171
25468,1827,209
25484,1833,246
25500,1842,275
25515,1846,295
25531,1846,310
25546,1846,325
25562,1846,335
25578,1846,339
25593,1846,339
25609,1846,339
25625,1846,339
25640,1846,339
25656,1846,339
25671,1846,340
25687,1845,343
25703,1845,345
25718,1845,349
25734,1845,354
25750,1845,359
25765,1846,364
25781,1846,369
25796,1846,375
25812,1847,388
25828,1848,405
25843,1848,428
25859,1845,460
25875,1841,483
25890,1836,500
25906,1835,504
25921,1835,505
25937,1835,505
25953,1835,505
25968,1835,505
25984,1835,505
26000,1835,505
26015,1835,505
26031,1835,505
26046,1835,506
26062,1835,506
26078,1835,506
26093,1835,506
26109,1835,506
26125,1835,506
26140,1835,506
26156,1835,506
26171,1835,506
26187,1835,506
26203,1835,506
26218,1835,506
26234,1835,506
26250,1835,506
26265,1835,506
26281,1835,506
26296,1835,506
26312,1835,506
26328,1835,506
26343,1835,506
26359,1835,506
26375,1835,506
26390,1835,506
26406,1835,506
26421,1836,502
26437,1836,493
26453,1836,477
26468,1835,458
26484,1830,435
26500,1824,408
26515,1818,382
26531,1811,350
26546,1808,322
26562,1808,312
26578,1808,312
26593,1808,312
26609,1808,312
26625,1808,313
26640,1808,315
26656,1808,319
26671,1808,320
26687,1808,321
26703,1808,321
26718,1808,321
26734,1808,321
26750,1808,321
26765,1808,321
26781,1808,321
26796,1808,321
26812,1808,321
26828,1808,323
26843,1808,324
26859,1806,326
26875,1796,331
26890,1779,335
26906,1748,336
26921,1700,327
26937,1623,303
26953,1528,263
26968,1445,226
26984,1263,162
27000,1150,132
27015,1060,111
27031,1005,100
27046,984,95
27062,983,93
27078,987,91
27093,996,87
27109,1006,82
27125,1013,80
27140,1018,77
27156,1019,76
27171,1019,76
27187,1019,76
27203,1019,76
27218,1019,76
27234,1019,76
27250,1019,76
27265,1019,76
27281,1019,76
27296,1019,76
27312,1019,76
27328,1019,76
27343,1019,76
27359,1019,76
27375,1019,76
27390,1019,76
27406,1019,76
27421,1021,78
27437,1024,88
27453,1033,104
27468,1048,131
27484,1067,170
27500,1088,220
27515,1107,276
27531,1126,336
27546,1143,399
27562,1156,456
27578,1162,516
27593,1161,580
27609,1154,638
27625,1143,700
27640,1131,754
27656,1120,800
27671,1110,828
27687,1105,843
27703,1104,846
27718,1104,846
27734,1104,846
27750,1104,846
27765,1104,846
27781,1104,846
27796,1104,846
27812,1104,846
27828,1104,846
27843,1104,846
27859,1104,846
27875,1104,846
27890,1104,846
27906,1104,846
27921,1104,846
27937,1104,846
27953,1104,846
27968,1104,846
27984,1104,846
28000,1104,846
28015,1104,846
28031,1104,846
28046,1104,846
28062,1104,846
28078,1104,846
28093,1104,846
28109,1104,846
28125,1104,846
28140,1104,846
28156,1104,846
28171,1104,846
28187,1104,846
28203,1104,846
28218,1104,846
28234,1104,846
28250,1104,846
28265,1104,846
28281,1104,846
28296,1104,846
28312,1104,846
28328,1104,846
28343,1104,846
28359,1104,846
28375,1104,846
28390,1104,846
28406,1104,846
28421,1104,846
28437,1104,846
28453,1104,846
28468,1104,846
28484,1104,846
28500,1104,846
28515,1104,846
28531,1104,846
28546,1104,846
28562,1104,846
28578,1104,846
28593,1104,846
28609,1104,846
28625,1104,846
28640,1104,846
28656,1104,846
28671,1104,846
28687,1104,846
28703,1104,846
28718,1104,846
28734,1104,846
28750,1104,846
28765,1104,846
28781,1104,846
28796,1104,846
28812,1104,846
28828,1104,846
28843,1104,846
28859,1104,846
28875,1104,846
28890,1104,846
28906,1104,846
28921,1104,846
28937,1104,846
28953,1104,846
28968,1104,846
28984,1104,846
29000,1104,846
29015,1104,846
29031,1104,846
29046,1104,846
29062,1104,846
29078,1104,846
29093,1104,846
29109,1104,846
29125,1104,846
29140,1104,846
29156,1104,846
29171,1104,846
29187,1104,846
29203,1104,846
29218,1104,846
29234,1104,846
29250,1104,846
29265,1104,846
29281,1104,846
29296,1104,846
29312,1104,846
29328,1104,846
29343,1104,846
29359,1104,846
29375,1104,846
29390,1104,846
29406,1104,846
29421,1104,846
29437,1104,846
29453,1104,846
29468,1104,846
29484,1104,846
29500,1104,846
29515,1104,846
29531,1104,846
29546,1104,846
29562,1104,846
29578,1104,846
29593,1104,846
29609,1104,846
29625,1104,846
29640,1104,846
29656,1104,846
29671,1104,846
29687,1104,846
29703,1104,846
29718,1104,846
29734,1104,846
29750,1104,846
29765,1104,846
29781,1104,846
29796,1104,846
29812,1104,846
29828,1104,846
29843,1104,846
29859,1104,846
29875,1104,846
29890,1104,846
29906,1104,846
29921,1104,846
29937,1104,846
29953,1104,846
29968,1104,846
29984,1104,846
30000,1104,846
30015,1104,846
30031,1104,846
30046,1104,846
30062,1104,846
30078,1104,846
30093,1104,846
30109,1104,846
30125,1104,846
30140,1104,846
30156,1104,846
30171,1104,846
30187,1104,846
30203,1104,846
30218,1104,846
30234,1104,846
30250,1104,846
30265,1104,846
30281,1104,846
30296,1104,846
30312,1104,846
30328,1104,846
30343,1104,846
30359,1104,846
30375,1104,846
30390,1104,846
30406,1104,846
30421,1104,846
30437,1104,846
30453,1104,846
30468,1104,846
30484,1104,846
30500,1104,846
30515,1104,846
30531,1104,846
30546,1104,846
30562,1104,846
30578,1104,846
30609,1104,846
30625,1104,846
30640,1104,846
30656,1104,846
30671,1104,846
30687,1104,846
30703,1104,846
30718,1104,846
30734,1104,846
30765,1104,846
30781,1104,846
30796,1104,846
30812,1104,846
30828,1104,846
30843,1104,846
30859,1104,846
30875,1104,846
30890,1104,846
30906,1104,846
30921,1104,846
30937,1104,846
30953,1104,846
30968,1104,846
30984,1104,846
31000,1104,846
31015,1104,846
31031,1104,846
31062,1104,846
31078,1104,846
31093,1104,846
31109,1104,846
31140,1104,846
31156,1104,846
31171,1104,846
31187,1104,846
31203,1104,846
31218,1104,846
31234,1104,846
31250,1104,846
31265,1104,846
31281,1104,846
31296,1104,846
31312,1104,846
31328,1104,846
31343,1104,846
31359,1104,846
31375,1104,846
31390,1104,846
31406,1104,846
31421,1104,846
31437,1104,846
31453,1104,846
31468,1104,846
31484,1104,846
31500,1104,846
31515,1104,846
31531,1104,846
31546,1104,846
31562,1104,846
31578,1104,846
31593,1104,846
31609,1104,846
31625,1104,846
31640,1104,846
31656,1104,846
31671,1104,846
31687,1104,846
31703,1104,846
31718,1104,846
31734,1104,846
31750,1104,846
31765,1104,846
31781,1104,846
31796,1104,846
31812,1104,846
31828,1104,846
31843,1104,846
31859,1104,846
31875,1104,846
31890,1104,846
31906,1104,846
31921,1104,846
31937,1104,846
31953,1104,846
31984,1104,846
32000,1104,846
32015,1104,846
32031,1104,846
32046,1104,846
32062,1104,846
32078,1104,846
32109,1104,846
32125,1104,846
32140,1104,846
32156,1104,846
32171,1104,846
32187,1104,846
32203,1104,846
32234,1104,846
32250,1104,846
32281,1104,846
32296,1104,846
32312,1104,846
32328,1104,846
32343,1104,846
32359,1104,846
32375,1104,846
32390,1104,846
32406,1104,846
32421,1104,846
32437,1104,846
32453,1104,846
32468,1104,846
32484,1104,846
32500,1104,846
32515,1104,846
32531,1104,846
32546,1104,846
32562,1104,846
32578,1104,846
32593,1104,846
32609,1104,846
32625,1104,846
32640,1104,846
32656,1104,846
32671,1104,846
32687,1104,846
32703,1104,846
32718,1104,846
32734,1104,846
32750,1104,846
32765,1104,846
32781,1104,846
32796,1104,846
32812,1104,846
32828,1104,846
32843,1104,846
32859,1104,846
32875,1104,846
32890,1104,846
32906,1104,846
32921,1104,846
32937,1104,846
32953,1104,846
32968,1104,846
32984,1104,846
33000,1104,846
33015,1104,846
33031,1104,846
33046,1104,846
33062,1104,846
33078,1104,846
33093,1104,846
33109,1104,846
33125,1104,846
33140,1104,846
33156,1104,846
33171,1104,846
33187,1104,846
33203,1104,846
33218,1104,846
33234,1104,846
33250,1104,846
33265,1104,846
33281,1104,846
33296,1104,846
33312,1104,846
33328,1104,846
33343,1104,846
33359,1104,846
33375,1104,846
33390,1104,846
33406,1104,846
33421,1104,846
33437,1104,846
33453,1104,846
33468,1104,846
33484,1104,846
33500,1104,846
33515,1104,846
33531,1104,846
33546,1104,846
33562,1104,846
33578,1104,846
33593,1104,846
33609,1104,846
33625,1104,846
33640,1104,846
33656,1104,846
33671,1104,846
33687,1104,846
33703,1104,846
33718,1104,846
33734,1104,846
33750,1104,846
33765,1104,846
33781,1104,846
33796,1104,846
33812,1104,846
33828,1088,849
33843,1046,861
33859,1005,873
33875,976,886
33890,968,898
33906,966,900
33921,966,900
33937,966,900
33953,966,900
33968,966,900
33984,966,900
34000,966,900
34015,966,900
34031,964,901
34046,941,918
34062,876,956
34078,774,1005
34093,659,1051
34109,546,1108
34125,448,1184
34140,374,1258
34156,310,1325
34171,260,1373
34187,228,1396
34203,199,1415
34218,190,1421
34234,189,1424
34250,189,1424
34265,189,1424
34281,189,1424
34296,189,1424
34312,189,1424
34328,189,1424
34343,189,1424
34359,188,1424
34375,188,1424
34390,188,1424
34406,188,1424
34421,188,1424
34437,188,1424
34453,188,1424
34468,188,1424
34484,188,1424
34500,188,1423
34515,188,1423
34531,188,1423
34546,188,1423
34562,188,1423
34578,188,1423
34593,188,1423
34609,188,1423
34625,188,1423
34640,188,1423
34656,189,1423
34671,192,1423
34687,192,1423
34703,192,1423
34718,192,1423
34734,192,1423
34750,192,1423
34765,192,1423
34781,192,1423
34796,192,1423
34812,192,1423
34828,192,1423
34843,192,1423
34859,192,1423
34875,193,1423
34890,196,1420
34906,202,1411
34921,218,1395
34937,242,1367
34953,277,1322
34968,318,1253
34984,368,1153
35000,418,1041
35015,464,910
35031,506,770
35046,543,641
35062,591,512
35078,643,408
35093,706,326
35109,764,275
35125,812,247
35140,843,237
35156,863,236
35171,872,236
35187,872,236
35203,872,236
35218,872,236
35234,872,236
35250,872,236
35265,872,236
35281,872,236
35296,872,236
35312,872,236
35328,872,236
35343,872,236
35359,872,236
35375,872,236
35390,872,236
35406,872,239
35421,872,243
35437,871,248
35453,870,250
35468,868,254
35484,868,256
35500,868,256
35515,868,258
35531,868,258
35546,868,258
35562,868,258
35578,868,258
35593,868,258
35609,868,258
35625,871,258
35640,878,259
35656,882,259
35671,882,260
35687,883,261
35703,889,269
35718,903,284
35734,928,311
35750,966,341
35765,1028,375
35781,1101,405
35796,1158,424
35812,1201,434
35828,1231,440
35843,1252,445
35859,1259,449
35875,1261,450
35890,1261,450
35906,1261,450
35921,1261,450
35937,1261,450
35953,1261,450
35968,1261,450
35984,1261,450
36000,1261,450
36015,1261,450
36031,1261,450
36046,1261,450
36062,1261,450
36078,1261,450
36093,1261,450
36109,1261,450
36125,1261,450
36140,1261,451
36156,1260,454
36171,1258,459
36187,1253,468
36203,1240,489
36218,1211,536
36234,1169,604
36250,1110,695
36265,1044,788
36281,964,883
36296,873,969
36312,776,1043
36328,674,1114
36343,559,1188
36359,445,1254
36375,334,1311
36390,231,1368
36406,158,1413
36421,103,1439
36437,78,1439
36453,74,1439
36468,74,1439
36484,82,1439
36500,92,1438
36515,101,1436
36531,101,1436
36546,100,1436
36562,96,1436
36578,95,1438
36593,95,1438
36609,97,1438
36625,101,1436
36640,104,1433
36656,107,1432
36671,107,1431
36687,107,1431
36703,107,1430
36718,107,1428
36734,107,1428
36750,107,1428
36765,107,1428
36781,107,1428
36796,107,1428
36812,107,1428
36828,107,1428
36843,109,1427
36859,118,1426
36875,129,1425
36890,142,1422
36906,152,1421
36921,157,1420
36937,158,1420
36953,158,1420
36968,158,1420
36984,158,1420
37000,158,1420
37015,159,1418
37031,159,1418
37046,159,1418
37062,159,1418
37078,159,1418
37093,159,1418
37109,159,1418
37125,159,1418
37140,159,1418
37156,159,1418
37171,159,1418
37187,159,1418
37203,159,1418
37218,162,1417
37234,169,1411
37250,187,1403
37265,216,1391
37281,254,1371
37296,303,1333
37312,363,1270
37328,421,1203
37343,479,1125
37359,524,1057
37375,576,960
37390,616,875
37406,658,788
37421,701,698
37437,736,620
37453,762,557
37468,782,507
37484,799,465
37500,809,437
37515,814,423
37531,817,420
37546,817,420
37562,817,420
37578,817,420
37593,816,425
37609,815,429
37625,815,433
37640,815,436
37656,815,440
37671,815,441
37687,815,450
37703,815,455
37718,814,465
37734,810,475
37750,808,483
37765,806,494
37781,806,510
37796,803,528
37812,796,541
37828,789,548
37843,786,549
37859,786,549
37875,786,549
37890,786,549
37906,786,549
37921,786,549
37937,786,549
37953,786,549
37968,786,548
37984,788,547
38000,789,545
38015,789,543
38031,791,543
38046,791,542
38062,791,542
38078,790,542
38093,785,542
38109,774,540
38125,750,537
38140,714,532
38156,661,527
38171,600,521
38187,524,512
38203,441,503
38218,361,490
38234,291,476
38250,229,463
38265,183,452
38281,146,440
38296,129,431
38312,123,421
38328,123,411
38343,123,395
38359,123,375
38375,118,353
38390,110,331
38406,100,312
38421,88,298
38437,76,293
38453,66,291
38468,59,291
38484,51,291
38500,46,293
38515,44,295
38531,43,298
38546,41,301
38562,40,304
38578,39,308
38593,38,309
38609,38,309
38625,38,309
38640,38,309
38656,38,309
38671,38,308
38687,38,307
38703,38,306
38718,43,303
38750,47,302
38765,51,300
38781,56,300
38796,59,298
38812,66,298
38828,69,298
38843,72,298
38859,72,298
38875,72,298
38890,72,298
38906,72,298
38921,72,298
38937,72,298
38953,72,298
38968,72,298
38984,72,298
39000,72,298
39015,72,298
39031,72,298
39046,72,298
39062,72,298
39078,71,296
39093,70,288
39109,69,282
39125,69,282
39140,73,272
39171,76,266
39187,76,265
39203,76,265
39218,76,265
39234,76,265
39250,76,265
39265,76,263
39281,76,263
39296,76,263
39312,76,263
39328,76,263
39343,76,263
39359,77,263
39375,78,263
39390,78,263
39406,78,263
39421,78,263
39437,78,263
39453,78,263
39468,78,263
39484,79,263
39500,81,263
39515,82,262
39531,83,261
39546,84,261
39562,84,261
39578,84,260
39593,84,260
39609,84,260
39625,84,260
39640,84,260
39656,84,263
39671,84,268
39687,83,273
39703,81,279
39718,81,284
39734,81,288
39750,81,291
39765,81,293
39781,81,294
39796,81,295
39812,81,295
39828,81,295
39843,81,295
39859,81,295
39875,81,295
39890,81,295
39906,81,295
39921,81,295
39937,81,295
39953,81,295
39968,81,295
39984,81,295
40000,81,295
40015,81,295
40031,81,295
40046,82,295
40062,82,295
40078,84,293
40093,88,290
40109,92,283
40125,96,277
40140,98,270
40156,101,262
40171,103,255
40187,106,246
40203,108,238
40218,111,235
40234,112,230
40250,114,223
40265,116,218
40281,116,217
40296,116,217
40312,116,217
40328,116,217
40343,116,217
40359,116,217
40375,116,217
40390,116,217
40406,116,217
40421,116,217
40437,116,217
40453,116,217
40468,116,217
40484,116,217
40500,116,217
40515,116,217
40531,116,217
40546,116,217
40562,116,217
40578,116,217
40593,116,217
40609,116,217
40625,117,218
40640,117,218
40656,118,219
40671,118,219
40687,118,219
40703,118,219
40718,118,219
40734,118,219
40750,118,219
40765,118,219
40781,118,219
40796,118,219
40812,118,219
40828,118,219
40843,118,219
40859,118,219
40875,118,219
40890,118,219
40906,118,220
40921,119,224
40937,123,230
40953,131,240
40968,142,251
40984,152,260
41000,158,266
41015,163,271
41031,163,273
41046,163,275
41062,163,276
41078,161,280
41093,159,283
41109,156,285
41125,154,289
41140,151,291
41156,149,294
41171,148,296
41187,148,299
41203,148,303
41218,148,308
41234,151,313
41250,157,320
41265,164,328
41281,173,334
41296,186,339
41312,199,344
41328,217,349
41343,237,355
41359,261,361
41375,287,368
41390,311,373
41406,333,376
41421,353,380
41437,373,385
41453,391,390
41468,407,395
41484,421,399
41500,432,401
41515,438,403
41531,443,403
41546,447,403
41562,451,403
41578,453,402
41593,454,401
41609,456,400
41625,457,396
41640,459,393
41656,462,391
41671,466,387
41687,468,383
41703,472,380
41718,473,375
41734,476,372
41750,478,371
41765,482,370
41781,487,370
41796,493,370
41812,501,370
41828,511,368
41843,523,368
41859,538,369
41875,557,370
41890,577,373
41906,596,374
41921,616,378
41937,638,381
41953,668,388
41968,696,393
41984,719,396
42000,744,403
42015,773,411
42031,804,423
42046,847,439
42062,893,455
42078,944,471
42093,994,486
42109,1044,505
42125,1092,528
42140,1129,553
42156,1158,583
42171,1169,609
42187,1166,630
42203,1149,645
42218,1120,656
42234,1089,661
42250,1055,663
42265,1026,662
42281,1006,661
42296,1003,661
42312,1006,661
42328,1017,661
42343,1036,660
42359,1056,657
42375,1073,655
42390,1086,651
42406,1091,648
42421,1091,646
42437,1091,645
42453,1091,643
42468,1090,641
42484,1089,636
42500,1088,628
42515,1088,625
42531,1088,622
42546,1088,622
42562,1088,621
42578,1088,621
42593,1086,621
42609,1086,621
42625,1085,621
42640,1085,621
42656,1084,621
42671,1083,621
42687,1083,621
42703,1081,621
42718,1080,621
42734,1080,621
42750,1080,621
42765,1079,621
42781,1079,621
42796,1079,621
42812,1079,621
42828,1079,621
42843,1075,621
42859,1070,620
42875,1066,617
42890,1061,611
42906,1058,595
42921,1054,570
42937,1049,530
42953,1044,487
42968,1040,451
42984,1039,411
43000,1039,368
43015,1039,330
43031,1042,301
43046,1043,286
43062,1044,282
43078,1044,281
43093,1044,281
43109,1044,281
43125,1044,281
43140,1044,281
43156,1044,281
43171,1044,281
43187,1044,281
43203,1044,281
43218,1044,281
43234,1044,281
43250,1044,281
43265,1044,281
43281,1044,281
43296,1044,281
43312,1044,281
43328,1044,281
43343,1044,281
43359,1044,281
43375,1044,281
43390,1044,281
43406,1044,281
43421,1044,281
43437,1044,281
43453,1044,281
43468,1044,281
43484,1044,281
43500,1044,281
43515,1044,281
43531,1044,281
43546,1044,281
43562,1044,281
43578,1044,281
43593,1044,281
43609,1044,281
43625,1044,281
43640,1044,281
43656,1044,281
43671,1044,281
43687,1044,281
43703,1044,281
43718,1044,281
43734,1044,281
43750,1044,281
43765,1044,281
43781,1044,281
43796,1044,281
43812,1044,281
43828,1044,281
43843,1044,281
43859,1044,281
43875,1044,281
43890,1044,281
43906,1044,281
43921,1044,281
43937,1044,281
43953,1044,281
43968,1044,281
43984,1044,281
44000,1044,281
44015,1044,281
44031,1044,281
44046,1044,281
44062,1044,281
44078,1044,281
44093,1044,281
44109,1044,281
44125,1044,281
44140,1044,281
44156,1044,281
44171,1044,281
44187,1044,281
44203,1044,281
44218,1044,281
44234,1044,281
44250,1044,281
44265,1044,281
44281,1044,281
44296,1044,281
44312,1044,281
44328,1044,281
44343,1044,281
44359,1044,281
44375,1044,281
44390,1044,281
44406,1044,281
44421,1044,281
44437,1044,281
44453,1044,281
44468,1044,281
44484,1044,281
44500,1044,281
44515,1044,281
44531,1044,281
44546,1044,281
44562,1044,281
44578,1044,281
44593,1044,281
44609,1044,281
44625,1044,281
44640,1044,281
44656,1044,281
44671,1044,281
44687,1044,281
44703,1044,281
44718,1044,281
44734,1044,281
44750,1044,281
44765,1044,281
44781,1044,281
44796,1044,281
44812,1044,281
44828,1044,281
44843,1044,281
44859,1044,281
44875,1044,281
44890,1044,281
44906,1044,281
44921,1044,281
44937,1044,281
44953,1044,281
44968,1044,281
44984,1044,281
45000,1044,281
45015,1044,281
45031,1044,281
45046,1044,281
45062,1044,281
45078,1044,281
45093,1044,281
45109,1044,281
45125,1044,281
45140,1044,281
45156,1044,281
45171,1044,281
45187,1044,281
45203,1044,281
45218,1044,281
45234,1044,281
45250,1044,281
45265,1044,281
45281,1044,281
45296,1044,281
45312,1044,281
45328,1044,281
45343,1044,281
45359,1044,281
45375,1046,281
45390,1051,280
45406,1054,280
45421,1056,281
45437,1056,294
45453,1056,329
45468,1059,379
45484,1078,440
45500,1109,504
45515,1142,561
45531,1176,620
45546,1211,681
45562,1246,745
45578,1279,809
45593,1306,864
45609,1316,896
45625,1318,909
45640,1318,913
45656,1318,914
45671,1318,914
45687,1318,915
45703,1318,915
45718,1319,915
45734,1319,915
45750,1319,915
45765,1319,915
45781,1319,915
45796,1319,915
45812,1319,915
45828,1319,915
45843,1319,915
45859,1319,915
45875,1319,915
45890,1319,915
45906,1319,915
45921,1319,915
45937,1319,915
45953,1319,915
45968,1319,915
45984,1319,915
46000,1319,915
46015,1319,915
46031,1319,915
46046,1319,915
46062,1319,915
46078,1319,915
46093,1319,915
46109,1319,915
46125,1319,915
46140,1319,915
46156,1319,915
46171,1319,915
46187,1319,915
46203,1319,915
46218,1319,915
46234,1319,915
46250,1319,915
46265,1319,915
46281,1319,915
46296,1319,915
46312,1319,915
46328,1319,915
46343,1319,915
46359,1319,915
46375,1319,915
46390,1319,915
46406,1319,915
46421,1319,915
46437,1319,915
46453,1319,915
46468,1319,915
46484,1319,915
46500,1319,915
46515,1319,915
46531,1319,915
46546,1319,915
46562,1319,915
46578,1319,915
46593,1319,915
46609,1319,915
46625,1319,915
46640,1319,915
46656,1319,915
46671,1319,915
46687,1319,915
46703,1319,915
46718,1319,915
46734,1319,915
46750,1319,915
46765,1319,915
46781,1319,915
46796,1319,915
46812,1319,915
46828,1319,915
46843,1319,915
46859,1319,915
46875,1319,915
46890,1319,915
46906,1319,915
46921,1319,915
46937,1319,915
46953,1319,915
46968,1319,915
46984,1319,915
47000,1319,915
47015,1319,915
47031,1319,915
47046,1319,915
47062,1319,915
47078,1319,915
47093,1319,915
47109,1319,915
47125,1319,915
47140,1319,915
47156,1319,915
47171,1319,915
47187,1319,915
47203,1319,915
47218,1319,915
47234,1319,915
47250,1319,915
47265,1319,915
47281,1319,915
47296,1319,915
47312,1319,915
47328,1319,915
47343,1319,915
47359,1319,915
47375,1319,915
47390,1319,915
47406,1319,915
47421,1319,915
47437,1319,915
47453,1319,915
47468,1319,915
47484,1319,915
47500,1319,915
47515,1319,915
47531,1319,915
47546,1319,915
47562,1319,915
47578,1319,915
47593,1319,915
47609,1319,915
47625,1319,915
47640,1319,915
47656,1319,915
47671,1319,915
47687,1319,915
47703,1319,915
47718,1319,915
47734,1319,915
47750,1319,915
47765,1319,915
47781,1319,915
47796,1319,915
47812,1319,915
47828,1319,915
47843,1319,915
47859,1319,915
47875,1319,915
47890,1319,915
47906,1319,915
47921,1319,915
47937,1319,915
47953,1319,915
47968,1319,915
47984,1319,915
48000,1319,915
48015,1319,915
48031,1319,915
48046,1319,915
48062,1319,915
48078,1319,915
48093,1319,915
48109,1319,915
48125,1319,915
48140,1319,915
48156,1319,915
48171,1319,915
48187,1319,915
48203,1319,915
48218,1319,915
48234,1319,915
48250,1319,915
48265,1319,915
48281,1319,915
48296,1319,915
48312,1319,915
48328,1319,915
48343,1319,915
48359,1319,915
48375,1319,915
48390,1319,915
48406,1319,915
48421,1319,915
48437,1319,915
48453,1319,915
48468,1319,915
48484,1319,915
48500,1319,915
48515,1319,915
48531,1319,915
48546,1319,915
48562,1319,915
48578,1319,915
48593,1319,915
48609,1319,915
48625,1319,915
48640,1319,915
48656,1319,915
48671,1319,915
48687,1319,915
48718,1319,915
48734,1319,915
48750,1319,915
48765,1319,915
48781,1319,915
48796,1319,915
48812,1319,915
48828,1319,915
48843,1319,915
48859,1319,915
48875,1319,915
48890,1319,915
48906,1319,915
48921,1319,915
48937,1319,915
48953,1319,915
48968,1319,915
48984,1319,915
49000,1319,915
49015,1319,915
49031,1319,915
49046,1319,915
49062,1319,915
49078,1319,915
49093,1319,915
49109,1319,915
49125,1319,915
49140,1319,915
49156,1319,915
49171,1319,915
49187,1319,915
49203,1319,915
49218,1319,915
49234,1319,915
49250,1319,915
49265,1319,915
49281,1319,915
49296,1319,915
49312,1319,915
49328,1319,915
49343,1319,915
49359,1319,915
49375,1319,915
49390,1319,915
49406,1319,915
49421,1319,915
49437,1319,915
49453,1319,915
49468,1319,915
49484,1319,915
49500,1319,915
49515,1319,915
49531,1319,915
49546,1319,915
49562,1319,915
49578,1319,915
49593,1319,915
49609,1319,915
49625,1319,915
49640,1319,915
49656,1319,915
49671,1319,915
49687,1319,915
49703,1319,915
49718,1319,915
49734,1319,915
49750,1319,915
49765,1319,915
49781,1319,915
49796,1319,915
49812,1319,915
49828,1319,915
49843,1319,915
49859,1319,915
49875,1319,915
49890,1319,915
49906,1319,915
49921,1319,915
49937,1319,915
49953,1319,915
49968,1319,915
49984,1319,915
50000,1319,915
50015,1319,915
50031,1319,915
50046,1319,915
50062,1319,915
50078,1319,915
50093,1319,915
50109,1319,915
50125,1319,915
50140,1319,915
50156,1319,915
50171,1319,915
50187,1319,915
50203,1319,915
50218,1319,915
50234,1319,915
50250,1319,915
50265,1319,915
50281,1319,915
50296,1319,915
50312,1319,915
50328,1319,915
50343,1319,915
50359,1319,915
50375,1319,915
50390,1319,915
50406,1319,915
50421,1319,915
50437,1319,915
50453,1319,915
50468,1319,915
50484,1319,915
50500,1319,915
50515,1319,915
50531,1319,915
50546,1319,915
50562,1319,915
50578,1319,915
50593,1319,915
50609,1319,915
50625,1319,915
50640,1319,915
50656,1319,915
50671,1319,915
50687,1319,915
50703,1319,915
50718,1319,915
50734,1319,915
50750,1319,915
50765,1319,915
50781,1319,915
50796,1319,915
50812,1319,915
50828,1319,915
50843,1319,915
50859,1319,915
50875,1319,915
50890,1319,915
50906,1319,915
50921,1319,915
50937,1319,915
50953,1319,915
50968,1319,915
50984,1319,915
51000,1319,915
51015,1319,915
51031,1319,915
51046,1319,915
51062,1319,915
51078,1319,915
51093,1319,915
51109,1319,915
51125,1319,915
51140,1319,915
51156,1319,915
51171,1319,915
51187,1319,915
51203,1319,915
51218,1319,915
51234,1319,915
51250,1319,915
51265,1319,915
51281,1319,915
51296,1319,915
51312,1319,915
51328,1319,915
51343,1319,915
51359,1319,915
51375,1319,915
51390,1319,915
51406,1319,915
51421,1319,915
51437,1319,915
51453,1319,915
51468,1319,915
51484,1319,915
51500,1319,915
51515,1319,915
51531,1319,915
51546,1319,915
51562,1319,915
51578,1319,915
51593,1319,915
51609,1319,915
51625,1319,915
51640,1319,915
51656,1319,915
51671,1319,915
51687,1319,915
51703,1319,915
51718,1319,915
51734,1319,915
51750,1319,915
51765,1319,915
51781,1319,915
51796,1319,915
51812,1319,915
51828,1319,915
51843,1319,915
51859,1319,915
51875,1319,915
51890,1319,915
51906,1319,915
51921,1319,915
51937,1319,915
51953,1319,915
51968,1319,915
51984,1319,915
52000,1319,915
52015,1319,915
52031,1319,915
52046,1319,915
52062,1319,915
52078,1319,915
52093,1319,915
52109,1319,915
52125,1319,915
52140,1319,915
52156,1319,915
52171,1319,915
52187,1319,915
52203,1319,915
52218,1319,915
52234,1319,915
52250,1319,915
52265,1319,915
52281,1319,915
52296,1319,915
52312,1319,915
52328,1319,915
52343,1319,915
52359,1319,915
52375,1319,915
52390,1319,915
52406,1319,915
52421,1319,915
52437,1319,915
52453,1319,915
52468,1319,915
52484,1319,915
52500,1319,915
52515,1319,915
52531,1319,915
52546,1319,915
52562,1319,915
52578,1319,915
52593,1319,915
52609,1319,915
52625,1319,915
52640,1319,915
52656,1319,915
52671,1319,915
52687,1319,915
52703,1319,915
52718,1319,915
52734,1319,915
52750,1319,915
52765,1319,915
52781,1319,915
52796,1319,915
52812,1319,915
52828,1319,915
52843,1319,915
52859,1319,915
52875,1319,915
52890,1319,915
52906,1319,915
52921,1319,915
52937,1319,915
52953,1319,915
52968,1319,915
52984,1319,915
53000,1319,915
53015,1319,915
53031,1319,915
53046,1319,915
53062,1319,915
53078,1319,915
53093,1319,915
53109,1319,915
53125,1319,915
53140,1319,915
53156,1319,915
53171,1319,915
53187,1319,915
53203,1319,915
53218,1319,915
53234,1319,915
53250,1319,915
53265,1319,915
53281,1319,915
53296,1319,915
53312,1319,915
53328,1319,915
53343,1319,915
53359,1319,915
53375,1319,915
53390,1319,915
53406,1319,915
53421,1319,915
53437,1319,915
53453,1319,915
53468,1319,915
53484,1319,915
53500,1319,915
53515,1319,915
53531,1319,915
53546,1319,915
53562,1319,915
53578,1319,915
53593,1319,915
53609,1319,915
53625,1319,915
53640,1319,915
53656,1319,915
53671,1319,915
53687,1319,915
53703,1319,915
53718,1319,915
53734,1319,915
53750,1319,915
53765,1319,915
53781,1319,915
53796,1319,915
53812,1319,915
53828,1319,915
53843,1319,915
53859,1319,915
53875,1319,915
53890,1319,915
53906,1319,915
53921,1319,915
53937,1319,915
53953,1319,915
53968,1319,915
53984,1319,915
54000,1319,915
54015,1319,915
54031,1319,915
54046,1319,915
54062,1319,915
54078,1319,915
54093,1319,915
54109,1319,915
54125,1319,915
54140,1319,915
54156,1319,915
54171,1319,915
54187,1319,915
54203,1319,915
54218,1319,915
54234,1319,915
54250,1319,915
54265,1319,915
54281,1319,915
54296,1319,915
54312,1319,915
54328,1319,915
54343,1319,915
54359,1319,915
54375,1319,915
54390,1319,915
54406,1319,915
54421,1319,915
54437,1319,915
54453,1319,915
54468,1319,915
54484,1319,915
54500,1319,915
54515,1319,915
54531,1319,915
54546,1319,915
54562,1319,915
54578,1319,915
54593,1319,915
54609,1319,915
54625,1319,915
54640,1319,915
54656,1319,915
54671,1319,915
54687,1319,915
54703,1319,915
54718,1319,915
54734,1319,915
54750,1319,915
54765,1319,915
54781,1319,915
54796,1319,915
54812,1319,915
54828,1319,915
54843,1319,915
54859,1319,915
54875,1319,915
54890,1319,915
54906,1319,915
54921,1319,915
54937,1319,915
54953,1319,915
54968,1319,915
54984,1319,915
55000,1319,915
55015,1319,915
55031,1319,915
55046,1319,915
55062,1319,915
55078,1319,915
55093,1319,915
55109,1319,915
55125,1319,915
55140,1319,915
55156,1319,915
55171,1319,915
55187,1319,915
55203,1319,915
55218,1319,915
55234,1319,915
55250,1319,915
55265,1319,915
55281,1319,915
55296,1319,915
55312,1319,915
55328,1319,915
55343,1319,915
55359,1319,915
55375,1319,915
55390,1319,915
55406,1319,915
55421,1319,915
55437,1319,915
55453,1319,915
55468,1319,915
55484,1319,915
55500,1319,915
55515,1319,915
55531,1319,915
55546,1319,915
55562,1319,915
55578,1319,915
55593,1319,915
55609,1319,915
55625,1319,915
55640,1319,915
55656,1319,915
55671,1319,915
55687,1319,915
55703,1319,915
55718,1319,915
55734,1319,915
55750,1319,915
55765,1319,915
55781,1319,915
55796,1319,915
55812,1319,915
55828,1319,915
55843,1319,915
55859,1319,915
55875,1319,915
55890,1319,915
55906,1319,915
55921,1319,915
55937,1319,915
55953,1319,915
55968,1319,915
55984,1319,915
56000,1319,915
56015,1319,915
56031,1319,915
56046,1319,915
56062,1319,915
56078,1319,915
56093,1319,915
56109,1319,915
56125,1319,915
56140,1319,915
56156,1319,915
56171,1319,915
56187,1319,915
56203,1319,915
56218,1319,915
56234,1319,915
56250,1319,915
56265,1319,915
56281,1319,915
56296,1319,915
56312,1319,915
56328,1319,915
56343,1319,915
56359,1319,915
56375,1319,915
56390,1319,915
56406,1319,915
56421,1319,915
56437,1319,915
56453,1319,915
56468,1319,915
56484,1319,915
56500,1319,915
56515,1319,915
56531,1319,915
56546,1319,915
56562,1319,915
56578,1319,915
56593,1319,915
56609,1319,915
56625,1319,915
56640,1319,915
56656,1319,915
56671,1319,915
56687,1319,915
56703,1319,915
56718,1319,915
56734,1319,915
56750,1319,915
56765,1319,915
56781,1319,915
56812,1319,915
56843,1319,915
56859,1319,915
56890,1319,915
56906,1319,915
56921,1319,915
56937,1319,915
56953,1319,915
56968,1319,915
56984,1319,915
57000,1319,915
57015,1319,915
57031,1319,915
57046,1319,915
57062,1319,915
57078,1319,915
57093,1319,915
57109,1319,915
57125,1319,915
57140,1319,915
57156,1319,915
57171,1319,915
57187,1319,915
57203,1319,915
57218,1319,915
57234,1319,915
57250,1319,915
57265,1319,915
57281,1319,915
57296,1319,915
57312,1319,915
57328,1319,915
57343,1319,915
57359,1319,915
57375,1319,915
57390,1319,915
57406,1319,915
57421,1319,915
57437,1319,915
57453,1319,915
57468,1319,915
57484,1319,915
57500,1319,915
57515,1319,915
57531,1319,915
57546,1319,915
57562,1319,915
57578,1319,915
57593,1319,915
57609,1319,915
57625,1319,915
57640,1319,915
57656,1319,915
57671,1319,915
57687,1319,915
57703,1319,915
57718,1319,915
57734,1319,915
57750,1319,915
57765,1319,915
57781,1319,915
57796,1319,915
57812,1319,915
57828,1319,915
57843,1319,915
57859,1319,915
57875,1319,915
57890,1319,915
57906,1319,915
57921,1319,915
57937,1319,915
57953,1319,915
57968,1319,915
57984,1319,915
58000,1319,915
58015,1319,915
58031,1319,915
58046,1319,915
58062,1319,915
58078,1319,915
58093,1319,915
58109,1319,915
58125,1319,915
58140,1319,915
58156,1319,915
58171,1319,915
58187,1319,915
58203,1319,915
58218,1319,915
58234,1319,915
58250,1319,915
58265,1319,915
58281,1319,915
58296,1319,915
58312,1319,915
58328,1319,915
58343,1319,915
58359,1319,915
58375,1319,915
58390,1319,915
58406,1319,915
58421,1319,915
58437,1319,915
58453,1319,915
58468,1319,915
58484,1319,915
58500,1319,915
58515,1319,915
58531,1319,915
58546,1319,915
58562,1319,915
58578,1319,915
58593,1319,915
58609,1319,915
58625,1319,915
58640,1319,915
58656,1319,915
58671,1319,915
58687,1319,915
58703,1319,915
58718,1319,915
58734,1319,915
58750,1319,915
58765,1319,915
58781,1319,915
58796,1319,915
58812,1319,915
58828,1319,915
58843,1319,915
58859,1319,915
58875,1319,915
58890,1319,915
58906,1319,915
58921,1319,915
58937,1319,915
58953,1319,915
58968,1319,915
58984,1319,915
59000,1319,915
59015,1319,915
59031,1319,915
59046,1319,915
59062,1319,915
59078,1319,915
59093,1319,915
59109,1319,915
59125,1319,913
59140,1327,907
59156,1351,897
59171,1394,882
59187,1444,863
59203,1484,842
59218,1502,827
59234,1507,816
59250,1508,815
59265,1508,815
59281,1508,815
59296,1508,815
59312,1508,815
59328,1508,815
59343,1508,815
59359,1508,815
59375,1508,815
59390,1508,815
59406,1508,813
59421,1516,791
59437,1532,733
59453,1549,683
59468,1559,667
59484,1576,676
59500,1606,713
59515,1626,766
59531,1636,830
59546,1643,886
59562,1657,943
59578,1672,996
59593,1681,1031
59609,1687,1050
59625,1691,1058
59640,1691,1058
59656,1691,1058
59671,1693,1052
59687,1697,1042
59703,1706,1028
59718,1722,1010
59734,1748,986
59750,1778,961
59765,1811,933
59781,1841,905
59796,1867,875
59812,1887,853
59828,1911,840
59843,1938,833
59859,1962,833
59875,1983,840
59890,2002,854
59906,2021,874
59921,2041,896
59937,2059,918
59953,2076,938
59968,2089,950
59984,2102,958
60000,2114,961
60015,2127,964
60031,2138,965
60046,2148,965
60062,2159,965
60078,2172,963
60093,2183,958
60109,2197,952
60125,2212,946
60140,2231,940
60156,2253,933
60171,2276,928
60187,2297,923
60203,2317,921
60218,2334,920
60234,2352,925
60250,2367,934
60265,2381,943
60281,2391,953
60296,2398,963
60312,2403,971
60328,2408,978
60343,2412,979
60359,2417,976
60375,2418,975
60390,2418,975
60406,2418,975
60421,2418,975
60437,2418,975
60453,2418,975
60468,2418,975
60484,2418,975
60500,2418,975
60515,2418,975
60531,2418,975
60546,2418,975
60562,2418,975
60578,2418,975
60593,2418,975
60609,2418,975
60625,2418,975
60640,2418,975
60656,2418,975
60671,2418,975
60687,2418,975
60703,2418,975
60718,2418,975
60734,2418,975
60750,2418,975
60765,2418,975
60781,2418,975
60796,2418,975
60812,2418,975
60828,2418,975
60843,2418,975
60859,2418,975
60875,2418,975
60890,2418,975
60906,2418,975
60921,2418,975
60937,2418,975
60953,2418,975
60968,2418,975
60984,2418,975
61000,2418,975
61015,2418,975
61031,2418,975
61046,2418,975
61078,2418,975
61093,2418,975
61109,2418,975
61125,2418,975
61140,2418,975
61156,2418,975
61171,2418,975
61187,2418,975
61203,2418,975
61218,2418,975
61234,2418,975
61250,2418,975
61265,2411,975
61281,2404,975
61296,2393,976
61312,2381,980
61328,2368,984
61343,2356,986
61359,2346,990
61375,2339,993
61390,2335,994
61406,2334,995
61421,2334,995
61437,2334,995
61453,2334,995
61468,2334,995
61484,2333,995
61500,2328,996
61515,2323,998
61531,2316,1000
61546,2306,1003
61562,2294,1005
61578,2274,1010
61593,2248,1016
61609,2218,1025
61625,2183,1035
61640,2136,1049
61656,2084,1061
61671,2025,1075
61687,1964,1095
61703,1910,1115
61718,1869,1130
61734,1826,1145
61750,1783,1160
61765,1734,1176
61781,1676,1195
61796,1618,1210
61812,1549,1228
61828,1483,1246
61843,1413,1271
61859,1359,1294
61875,1301,1315
61890,1248,1333
61906,1194,1348
61921,1145,1364
61937,1099,1379
61953,1055,1391
61968,1019,1399
61984,989,1405
62000,966,1413
62015,948,1416
62031,936,1420
62046,935,1420
62062,930,1423
62078,929,1424
62093,923,1425
62109,909,1428
62125,888,1429
62140,858,1429
62156,850,1429
62171,778,1420
62187,731,1412
62203,725,1411
62218,671,1401
62234,651,1396
62250,648,1393
62265,648,1393
62281,649,1393
62296,659,1394
62312,664,1398
62328,664,1398
62343,664,1398
62359,664,1398
62375,664,1398
62390,664,1398
62406,664,1398
62421,664,1398
62437,664,1398
62453,664,1398
62468,664,1398
62484,664,1398
62500,664,1398
62515,664,1398
62531,664,1398
62546,664,1398
62562,664,1399
62578,659,1403
62593,656,1403
62609,657,1403
62625,661,1401
62640,662,1400
62656,662,1398
62671,663,1397
62687,672,1376
62703,684,1336
62718,698,1285
62734,708,1233
62750,716,1187
62765,724,1141
62781,729,1098
62796,732,1062
62812,733,1035
62828,733,1015
62843,733,1007
62859,733,1007
62875,733,1007
62890,733,1020
62906,733,1045
62921,734,1080
62953,742,1131
62968,752,1199
62984,759,1269
63000,761,1325
63015,759,1363
63031,755,1388
63046,753,1401
63062,750,1410
63078,750,1413
63093,750,1414
63109,750,1414
63125,750,1414
63140,748,1412
63156,743,1410
63171,734,1408
63187,728,1407
63203,724,1407
63218,724,1408
63234,724,1408
63250,724,1408
63265,724,1408
63281,723,1408
63296,723,1408
63312,721,1408
63328,721,1408
63343,721,1408
63359,721,1408
63375,721,1408
63390,718,1410
63406,710,1413
63421,703,1414
63437,694,1416
63453,684,1419
63468,676,1420
63484,673,1423
63500,673,1423
63515,673,1423
63531,673,1424
63546,671,1425
63562,665,1426
63578,660,1426
63593,656,1426
63625,649,1426
63640,636,1422
63656,618,1416
63671,599,1410
63687,578,1405
63703,558,1401
63718,540,1400
63734,524,1398
63750,515,1398
63765,513,1398
63781,513,1400
63796,519,1401
63812,528,1403
63828,546,1405
63843,571,1406
63859,604,1408
63875,636,1408
63890,667,1408
63906,692,1408
63921,713,1408
63937,729,1409
63953,737,1409
63968,737,1409
63984,737,1409
64000,737,1409
64015,737,1409
64031,737,1409
64046,736,1409
64062,735,1410
64078,734,1410
64093,731,1411
64109,728,1411
64125,724,1411
64140,719,1411
64156,713,1411
64171,709,1411
64187,706,1411
64203,706,1411
64218,706,1411
64234,706,1411
64250,706,1411
64265,706,1411
64281,706,1411
64296,706,1411
64312,706,1411
64328,706,1411
64343,706,1411
64359,706,1411
64375,706,1411
64390,706,1411
64406,706,1411
64421,706,1411
64437,706,1411
64453,706,1411
64468,706,1411
64484,706,1411
64500,706,1411
64515,706,1411
64531,706,1411
64546,706,1411
64562,706,1411
64578,706,1411
64593,706,1411
64609,706,1413
64625,706,1413
64640,705,1413
64656,705,1413
64671,705,1413
64687,705,1413
64703,705,1413
64718,705,1413
64734,705,1413
64750,705,1413
64765,705,1413
64781,705,1413
64796,705,1412
64812,706,1411
64828,708,1408
64843,711,1407
64859,713,1405
64875,718,1403
64890,722,1403
64906,724,1403
64921,727,1403
64937,728,1403
64953,731,1403
64968,733,1402
64984,737,1402
65000,741,1401
65015,746,1398
65031,751,1397
65046,757,1395
65062,764,1391
65078,769,1386
65093,772,1378
65109,777,1370
65125,783,1361
65140,791,1350
65156,799,1337
65171,806,1326
65187,812,1313
65203,817,1300
65218,823,1282
65234,833,1262
65250,848,1240
65265,867,1216
65281,893,1183
65296,928,1141
65312,968,1092
65328,1013,1051
65343,1062,1012
65359,1104,978
65375,1142,946
65390,1173,915
65406,1198,880
65421,1222,842
65437,1242,805
65453,1259,773
65468,1273,743
65484,1281,722
65500,1283,710
65515,1284,706
65531,1284,706
65546,1284,706
65562,1284,706
65578,1284,706
65593,1291,702
65609,1298,700
65625,1301,697
65640,1302,696
65656,1302,696
65671,1302,696
65687,1302,696
65703,1302,696
65718,1302,696
65734,1303,696
65750,1304,698
65765,1304,701
65781,1304,704
65796,1304,710
65812,1304,718
65828,1304,725
65843,1303,733
65859,1301,740
65875,1301,748
65890,1299,754
65906,1296,760
65921,1290,769
65937,1283,778
65953,1273,788
65968,1260,799
65984,1249,806
66000,1238,814
66015,1228,820
66031,1219,825
66046,1213,829
66062,1210,831
66078,1209,833
66093,1209,834
66109,1209,834
66125,1209,834
66140,1209,834
66156,1209,834
66171,1209,834
66187,1209,835
66203,1209,835
66218,1211,835
66234,1212,835
66250,1213,835
66265,1216,835
66281,1218,835
66296,1221,835
66312,1223,833
66328,1226,831
66343,1231,826
66359,1234,822
66375,1238,818
66390,1242,813
66406,1244,811
66421,1246,808
66437,1247,806
66453,1247,803
66468,1248,801
66484,1249,798
66500,1251,796
66515,1251,793
66531,1251,793
66546,1254,791
66562,1261,787
66578,1272,782
66593,1286,768
66609,1299,756
66625,1311,746
66640,1317,742
66656,1317,741
66671,1317,741
66687,1316,741
66703,1314,741
66718,1313,741
66734,1313,741
66750,1313,741
66765,1313,741
66781,1313,741
66796,1313,741
66812,1313,741
66828,1313,741
66843,1313,741
66859,1313,741
66875,1313,741
66890,1313,741
66906,1313,741
66921,1313,741
66937,1313,741
66953,1313,741
66968,1313,741
66984,1313,741
67000,1313,741
67015,1313,741
67031,1313,741
67046,1313,741
67062,1313,741
67078,1313,741
67093,1313,741
67109,1313,741
67125,1313,741
67140,1313,741
67156,1313,741
67171,1313,741
67187,1313,741
67203,1313,741
67218,1313,741
67234,1313,741
67250,1313,741
67265,1313,741
67281,1313,741
67296,1313,741
67312,1313,741
67328,1313,741
67343,1313,741
67359,1313,741
67375,1313,741
67390,1313,741
67406,1313,741
67421,1313,741
67437,1313,741
67453,1313,741
67468,1313,741
67484,1313,741
67500,1313,741
67515,1313,741
67531,1313,741
67546,1313,741
67562,1313,741
67578,1313,741
67593,1313,741
67609,1313,741
67625,1313,741
67640,1313,741
67656,1313,741
67671,1313,741
67687,1313,741
67703,1313,741
67718,1313,741
67734,1313,741
67750,1313,741
67765,1313,741
67781,1313,741
67796,1313,741
67812,1313,741
67828,1313,741
67843,1313,741
67859,1313,741
67875,1313,741
67890,1313,741
67906,1313,741
67921,1313,741
67937,1313,741
67953,1313,741
67968,1313,741
67984,1313,741
68000,1313,741
68015,1313,741
68031,1313,741
68046,1313,741
68062,1313,741
68078,1313,741
68093,1313,741
68109,1313,741
68125,1313,741
68140,1313,741
68156,1313,741
68171,1313,741
68187,1313,741
68203,1313,741
68218,1313,741
68234,1313,741
68250,1313,741
68265,1313,741
68281,1313,741
68296,1313,741
68312,1313,741
68328,1313,741
68343,1313,741
68359,1313,741
68375,1313,741
68390,1313,741
68406,1313,741
68421,1313,741
68437,1313,741
68453,1313,741
68468,1313,741
68484,1313,741
68500,1313,741
68515,1313,741
68531,1313,741
68546,1313,741
68562,1313,741
68578,1313,741
68593,1313,741
68609,1313,741
68625,1313,741
68640,1313,741
68656,1313,741
68671,1313,741
68687,1313,741
68703,1313,741
68718,1313,741
68734,1313,741
68750,1313,741
68765,1313,741
68781,1313,741
68796,1313,741
68812,1313,741
68828,1313,741
68843,1313,741
68859,1313,741
68875,1313,741
68890,1313,741
68906,1313,741
68921,1313,741
68937,1313,741
68953,1313,741
68968,1313,741
68984,1313,741
69000,1313,741
69015,1313,741
69031,1313,741
69046,1313,741
69062,1313,741
69078,1313,741
69093,1313,741
69109,1313,741
69125,1313,741
69140,1313,741
69156,1313,741
69171,1313,741
69187,1313,741
69203,1313,741
69218,1313,741
69234,1313,741
69250,1313,741
69281,1313,741
69312,1313,741
69343,1313,741
69359,1313,741
69375,1313,741
69390,1313,741
69406,1313,741
69421,1313,741
69437,1313,741
69453,1313,741
69468,1313,741
69484,1313,741
69500,1313,741
69515,1313,741
69531,1313,741
69546,1313,741
69578,1313,741
69609,1313,741
69625,1313,741
69640,1313,741
69656,1313,741
69671,1313,741
69703,1313,741
69734,1313,741
69750,1313,741
69765,1313,741
69781,1313,741
69796,1313,741
69812,1313,741
69828,1313,741
69843,1313,741
69859,1313,741
69875,1313,741
69890,1313,741
69906,1313,741
69921,1313,741
69937,1313,741
69953,1313,741
69968,1313,741
69984,1313,741
70000,1313,741
70015,1313,741
70031,1313,741
70046,1313,741
70062,1313,741
70078,1313,741
70093,1313,741
70109,1313,741
70125,1313,741
70140,1313,741
70156,1313,741
70171,1313,741
70187,1313,741
70203,1313,741
70218,1313,741
70234,1313,741
70250,1313,741
70265,1313,741
70281,1313,741
70296,1313,741
70312,1313,741
70328,1313,741
70343,1313,741
70359,1313,741
70375,1313,741
70390,1313,741
70406,1313,741
70421,1313,741
70437,1313,741
70453,1313,741
70468,1313,741
70484,1313,741
70500,1313,741
70515,1313,741
70531,1313,741
70546,1313,741
70562,1313,741
70578,1313,741
70609,1313,741
70625,1313,741
70640,1313,741
70656,1311,741
70671,1303,744
70687,1291,750
70703,1279,755
70718,1263,763
70734,1236,773
70750,1208,783
70765,1171,798
70781,1136,813
70796,1100,828
70812,1061,845
70828,1021,866
70843,978,891
70859,931,918
70875,880,946
70890,824,975
70906,770,1004
70921,713,1035
70937,660,1068
70953,606,1109
70968,556,1155
70984,515,1200
71000,479,1243
71015,451,1264
71031,429,1278
71046,409,1290
71062,385,1304
71078,361,1316
71093,340,1328
71109,314,1339
71125,289,1351
71140,264,1370
71156,243,1386
71171,224,1403
71187,218,1409
71203,218,1409
71218,218,1409
71234,219,1407
71250,221,1406
71265,222,1405
71281,222,1405
71296,222,1405
71312,222,1405
71328,220,1409
71343,218,1416
71359,216,1420
71375,216,1420
71390,216,1420
71406,216,1420
71421,216,1420
71437,216,1420
71453,216,1420
71468,216,1420
71484,216,1420
71500,216,1420
71515,216,1420
71531,216,1420
71546,216,1420
71562,216,1420
71578,216,1420
71593,217,1420
71609,234,1406
71625,279,1376
71640,349,1341
71656,436,1303
71671,548,1251
71687,667,1192
71703,807,1122
71718,946,1053
71734,1094,983
71750,1238,921
71765,1363,870
71781,1477,826
71796,1577,788
71812,1674,747
71828,1759,705
71843,1841,666
71859,1906,641
71875,1962,621
71890,2008,605
71906,2038,596
71921,2063,593
71937,2079,594
71953,2088,598
71968,2091,603
71984,2091,605
72000,2091,609
72015,2089,611
72031,2086,616
72046,2085,620
72062,2081,623
72078,2079,626
72093,2073,630
72109,2064,633
72125,2055,636
72140,2045,638
72156,2036,640
72171,2025,641
72187,2011,643
72203,1995,643
72218,1979,641
72234,1969,640
72250,1961,637
72265,1959,637
72281,1958,637
72296,1958,637
72312,1958,636
72328,1958,636
72343,1958,635
72359,1958,633
72375,1959,631
72390,1961,627
72406,1963,623
72421,1967,620
72437,1972,615
72453,1977,611
72468,1983,606
72484,1988,602
72500,1993,598
72515,2001,595
72531,2009,591
72546,2022,587
72562,2037,583
72578,2054,582
72593,2073,581
72609,2093,581
72625,2114,581
72640,2137,584
72656,2159,586
72671,2182,589
72687,2202,591
72703,2219,594
72718,2237,595
72734,2251,596
72750,2261,596
72765,2264,596
72781,2266,596
72796,2266,596
72812,2268,596
72828,2272,593
72843,2278,590
72859,2286,585
72875,2294,581
72890,2303,576
72906,2313,571
72921,2319,568
72937,2326,566
72953,2329,565
72968,2332,565
72984,2333,565
73000,2334,565
73015,2334,565
73031,2334,565
73046,2334,565
73062,2334,565
73078,2334,565
73093,2334,565
73109,2334,565
73125,2334,565
73140,2334,565
73156,2334,565
73171,2334,565
73187,2334,565
73203,2336,565
73218,2336,566
73234,2336,566
73250,2336,566
73265,2336,566
73281,2336,566
73296,2336,566
73312,2336,566
73328,2336,566
73343,2336,566
73359,2336,566
73375,2336,566
73390,2336,566
73406,2336,566
73421,2336,566
73437,2336,566
73453,2336,566
73468,2336,566
73484,2336,568
73500,2336,569
73515,2336,570
73531,2336,570
73546,2333,571
73562,2325,574
73578,2310,576
73593,2289,579
73609,2258,580
73625,2218,580
73640,2174,581
73656,2128,583
73671,2080,584
73687,2030,588
73703,1978,591
73718,1930,595
73734,1875,600
73750,1824,606
73765,1770,615
73781,1713,624
73796,1661,630
73812,1608,638
73828,1560,648
73843,1518,660
73859,1485,673
73875,1460,688
73890,1445,701
73906,1434,716
73921,1426,731
73937,1420,746
73953,1415,763
73968,1410,783
73984,1406,800
74000,1403,816
74015,1399,831
74031,1396,848
74046,1395,864
74062,1393,875
74078,1391,883
74093,1390,888
74109,1389,890
74125,1389,890
74140,1389,890
74156,1389,890
74171,1388,890
74187,1384,890
74203,1376,890
74218,1364,890
74234,1348,888
74250,1330,886
74265,1314,882
74281,1296,877
74296,1284,873
74312,1275,871
74328,1274,870
74343,1274,870
74359,1274,868
74375,1278,867
74390,1286,866
74406,1296,866
74421,1307,866
74437,1316,866
74453,1321,865
74468,1322,865
74484,1323,865
74500,1326,865
74515,1329,865
74531,1336,868
74546,1343,868
74562,1351,869
74578,1359,870
74593,1369,873
74609,1379,875
74625,1387,878
74640,1392,879
74656,1396,880
74671,1397,880
74687,1399,880
74703,1399,880
74718,1399,880
74734,1401,881
74750,1403,883
74765,1406,884
74781,1406,884
74796,1406,884
74812,1408,884
74828,1412,885
74843,1417,889
74859,1422,894
74875,1427,896
74890,1429,898
74906,1432,898
74921,1434,899
74937,1439,901
74953,1449,908
74968,1463,918
74984,1478,926
75000,1497,935
75015,1518,944
75031,1539,951
75046,1558,958
75062,1581,965
75078,1606,974
75093,1631,981
75109,1649,988
75125,1661,993
75140,1669,999
75156,1671,1001
75171,1669,1004
75187,1664,1006
75203,1654,1011
75218,1641,1016
75234,1625,1025
75250,1601,1035
75265,1570,1048
75281,1534,1060
75296,1493,1069
75312,1448,1075
75328,1401,1076
75343,1358,1075
75359,1314,1065
75375,1276,1051
75390,1248,1035
75406,1224,1012
75421,1201,981
75437,1186,927
75453,1185,850
75468,1191,766
75484,1199,696
75500,1207,636
75515,1217,595
75531,1227,563
75546,1239,541
75562,1247,531
75578,1249,527
75593,1249,526
75609,1249,526
75625,1249,526
75640,1249,526
75656,1257,528
75671,1274,538
75687,1302,558
75703,1336,590
75718,1374,633
75734,1411,680
75750,1446,731
75765,1479,775
75781,1509,810
75796,1539,841
75812,1564,861
75828,1587,871
75843,1603,879
75859,1617,885
75875,1633,893
75890,1648,899
75906,1666,906
75921,1684,913
75937,1704,921
75953,1722,929
75968,1744,943
75984,1767,958
76000,1787,969
76015,1799,978
76031,1806,984
76046,1806,985
76062,1804,989
76078,1798,993
76093,1788,1000
76109,1773,1011
76125,1758,1023
76140,1740,1035
76156,1724,1045
76171,1709,1055
76187,1696,1064
76203,1686,1073
76218,1676,1083
76234,1664,1094
76250,1649,1104
76265,1628,1111
76281,1595,1116
76296,1545,1115
76312,1474,1101
76328,1399,1085
76343,1324,1071
76359,1270,1060
76375,1238,1050
76390,1228,1042
76406,1228,1040
76421,1239,1033
76437,1254,1026
76453,1272,1020
76468,1284,1017
76484,1296,1013
76500,1304,1012
76515,1317,1011
76531,1337,1008
76546,1364,1007
76562,1404,1005
76578,1451,1003
76593,1509,1002
76609,1573,1002
76625,1638,1002
76640,1689,1002
76656,1734,1002
76671,1764,1003
76687,1786,1004
76703,1801,1006
76718,1808,1008
76734,1808,1008
76750,1808,1008
76765,1808,1008
76781,1808,1008
76796,1808,1008
76812,1808,1008
76828,1808,1008
76843,1809,1007
76859,1809,1006
76875,1811,1003
76890,1812,1001
76906,1814,997
76921,1816,995
76937,1818,991
76953,1819,990
76968,1819,988
76984,1819,988
77000,1821,987
77015,1821,986
77031,1822,983
77046,1822,982
77062,1824,980
77078,1824,978
77093,1824,976
77109,1824,976
77125,1826,975
77140,1826,973
77156,1826,973
77171,1826,973
77187,1826,973
77203,1826,973
77218,1826,972
77234,1826,972
77250,1826,972
77265,1826,972
77281,1826,972
77296,1826,972
77312,1826,972
77328,1826,972
77343,1825,972
77359,1825,972
77375,1825,972
77390,1825,972
77406,1825,972
77421,1824,972
77437,1824,972
77453,1824,972
77468,1824,972
77484,1824,972
77500,1824,972
77515,1824,972
77531,1824,972
77546,1824,972
77562,1824,972
77578,1824,972
77593,1824,972
77609,1824,972
77625,1824,972
77640,1824,972
77656,1824,972
77671,1824,972
77687,1824,972
77703,1824,972
77718,1824,972
77734,1824,972
77750,1824,972
77765,1824,972
77781,1823,972
77796,1821,971
77812,1820,971
77828,1819,971
77843,1819,970
77859,1819,966
77875,1818,961
77890,1813,952
77906,1806,942
77921,1803,928
77937,1795,917
77953,1789,912
77968,1786,911
77984,1786,911
78000,1786,911
78015,1786,911
78031,1786,911
78046,1786,911
78062,1786,911
78078,1786,911
78093,1786,911
78109,1786,911
78125,1786,911
78140,1786,911
78156,1786,911
78171,1786,911
78187,1783,905
78203,1776,892
78218,1769,877
78234,1756,855
78250,1749,831
78265,1744,803
78281,1738,775
78296,1728,741
78312,1721,705
78328,1719,672
78343,1719,645
78359,1724,628
78375,1728,618
78390,1731,613
78406,1731,612
78421,1732,611
78437,1732,610
78453,1732,608
78468,1732,608
78484,1732,608
78500,1733,608
78515,1733,608
78531,1733,608
78546,1733,608
78562,1733,608
78578,1733,608
78593,1733,608
78609,1733,608
78625,1733,608
78640,1733,608
78656,1736,608
78671,1738,608
78687,1742,607
78703,1746,606
78718,1752,603
78734,1758,600
78750,1766,597
78765,1771,593
78781,1777,588
78796,1782,583
78812,1787,577
78828,1789,565
78843,1792,552
78859,1794,540
78875,1794,527
78890,1793,515
78906,1788,503
78921,1775,491
78937,1755,480
78953,1723,468
78968,1680,460
78984,1626,453
79000,1570,451
79015,1518,451
79031,1465,451
79046,1420,451
79062,1384,451
79078,1355,453
79093,1329,454
79109,1309,456
79125,1291,461
79140,1278,466
79156,1270,470
79171,1266,473
79187,1264,474
79203,1263,475
79218,1263,475
79234,1263,476
79250,1261,479
79265,1258,484
79281,1253,494
79296,1246,508
79312,1240,521
79328,1234,538
79343,1229,555
79359,1224,576
79375,1219,601
79390,1211,633
79406,1204,665
79421,1194,700
79437,1184,734
79453,1175,765
79468,1169,796
79484,1161,825
79500,1153,854
79515,1144,879
79531,1134,903
79546,1123,923
79562,1110,943
79578,1098,960
79593,1080,976
79609,1061,990
79625,1039,1005
79640,1014,1015
79656,983,1023
79671,951,1026
79687,921,1029
79703,889,1030
79718,858,1028
79734,819,1021
79750,784,1011
79765,756,1006
79781,744,1003
79796,739,1001
79812,739,1000
79828,739,997
79843,739,992
79859,741,985
79875,742,981
79890,742,978
79906,741,975
79921,738,971
79937,733,967
79953,729,966
79968,728,965
79984,724,962
80000,721,958
80015,718,955
80031,711,950
80046,703,943
80062,691,937
80078,683,927
80093,670,903
80109,655,866
80125,640,815
80140,625,761
80156,609,703
80171,593,653
80187,581,615
80203,575,576
80218,576,541
80234,582,505
80250,592,476
80265,602,456
80281,612,443
80296,621,435
80312,628,428
80328,634,426
80343,643,425
80359,667,425
80375,706,430
80390,768,439
80406,851,450
80421,946,461
80437,1056,475
80453,1167,489
80468,1274,501
80484,1373,516
80500,1456,534
80515,1522,550
80531,1574,561
80546,1604,566
80562,1624,569
80578,1633,570
80593,1638,570
80609,1639,570
80625,1641,571
80640,1644,571
80656,1651,574
80671,1659,574
80687,1671,575
80703,1684,575
80718,1697,573
80734,1709,572
80750,1719,570
80765,1724,568
80781,1726,568
80796,1728,567
80812,1728,567
80828,1728,567
80843,1728,567
80859,1728,567
80875,1728,568
80890,1728,571
80906,1728,574
80921,1729,576
80937,1731,580
80953,1732,584
80968,1733,585
80984,1734,588
81000,1734,590
81015,1736,591
81031,1736,595
81046,1737,599
81062,1738,603
81078,1739,608
81093,1739,609
81109,1739,609
81125,1739,609
81140,1739,609
81156,1739,609
81171,1739,609
81187,1739,609
81203,1739,609
81218,1739,609
81234,1741,611
81250,1743,619
81265,1748,630
81281,1752,649
81296,1753,670
81312,1753,693
81328,1753,714
81343,1753,731
81359,1750,750
81375,1748,766
81390,1744,778
81406,1741,783
81421,1740,785
81437,1738,788
81453,1735,790
81468,1730,794
81484,1725,798
81500,1721,800
81531,1711,805
81546,1705,809
81562,1704,809
81578,1701,810
81593,1699,811
81625,1696,811
81640,1689,813
81656,1688,813
81687,1686,813
81703,1686,813
81718,1686,813
81734,1686,813
81750,1686,813
81765,1686,813
81781,1686,813
81796,1686,813
81812,1686,813
81828,1686,813
81843,1686,813
81859,1686,813
81875,1686,813
81890,1686,813
81906,1686,813
81921,1686,813
81937,1686,813
81953,1686,813
81968,1686,813
81984,1686,813
82000,1686,813
82015,1686,813
82031,1687,813
82046,1687,813
82062,1687,813
82078,1687,813
82093,1688,813
82109,1688,813
82125,1688,813
82140,1688,813
82156,1688,813
82171,1689,813
82187,1689,813
82203,1689,813
82218,1691,813
82234,1692,813
82250,1692,813
82265,1692,813
82281,1692,813
82296,1692,813
82312,1693,813
82328,1693,812
82343,1693,812
82359,1693,812
82375,1694,812
82406,1696,811
82421,1697,810
82437,1699,808
82453,1703,806
82468,1709,802
82484,1718,797
82500,1732,788
82515,1753,775
82531,1778,756
82546,1807,726
82578,1838,681
82593,1901,580
82609,1926,532
82625,1944,487
82640,1961,441
82656,1976,398
82671,1989,362
82687,2001,327
82718,2008,293
82734,2018,241
82750,2023,220
82781,2027,201
82796,2032,183
82812,2036,171
82828,2041,162
82843,2052,151
82859,2053,150
82875,2054,148
82890,2057,146
82906,2061,145
82921,2064,143
82937,2066,143
82953,2066,143
82968,2066,143
82984,2066,143
83000,2066,143
83015,2066,143
83031,2066,143
83046,2066,142
83062,2066,142
83078,2067,141
83093,2068,141
83109,2068,140
83125,2068,140
83140,2068,140
83156,2068,140
83171,2068,140
83187,2068,140
83203,2066,144
83218,2064,151
83234,2058,164
83250,2053,184
83265,2048,211
83281,2043,246
83296,2040,288
83312,2036,328
83328,2034,370
83343,2030,408
83359,2028,445
83375,2026,469
83390,2026,485
83406,2026,493
83421,2027,498
83437,2027,500
83453,2028,505
83468,2029,511
83484,2031,521
83500,2032,531
83515,2033,541
83531,2033,550
83546,2034,558
83562,2034,563
83578,2034,566
83593,2034,569
83609,2034,569
83625,2034,570
83640,2034,571
83656,2034,573
83671,2034,574
83687,2034,578
83703,2034,581
83718,2034,586
83734,2034,594
83750,2034,606
83765,2036,618
83781,2036,629
83796,2036,640
83812,2036,653
83828,2036,663
83843,2036,674
83859,2037,685
83875,2037,700
83890,2038,715
83906,2038,729
83921,2038,741
83937,2038,755
83953,2039,774
83968,2041,796
83984,2041,823
84000,2041,848
84015,2041,870
84031,2040,889
84046,2039,909
84062,2038,925
84078,2038,939
84093,2038,949
84109,2038,954
84125,2038,956
84140,2038,956
84156,2038,958
84171,2038,959
84187,2038,959
84203,2038,960
84218,2038,961
84234,2038,964
84250,2038,968
84265,2038,971
84281,2038,974
84296,2038,976
84312,2038,979
84328,2038,981
84343,2036,986
84359,2036,994
84375,2036,999
84390,2035,1005
84406,2035,1011
84421,2035,1016
84437,2035,1021
84453,2035,1025
84468,2035,1028
84484,2035,1031
84500,2035,1034
84515,2035,1035
84531,2035,1035
84546,2035,1035
84562,2035,1035
84578,2035,1035
84593,2035,1035
84609,2035,1036
84625,2035,1036
84640,2035,1038
84656,2035,1038
84671,2035,1038
84687,2035,1038
84703,2035,1038
84718,2035,1038
84734,2035,1038
84750,2035,1038
84765,2035,1038
84781,2035,1038
84796,2035,1038
84812,2035,1038
84828,2035,1038
84843,2035,1038
84859,2035,1038
84875,2035,1038
84890,2035,1038
84906,2035,1038
84921,2035,1038
84937,2035,1038
84953,2035,1038
84968,2035,1038
84984,2035,1038
85000,2035,1038
85015,2035,1038
85031,2035,1038
85046,2035,1038
85062,2035,1038
85078,2035,1038
85093,2035,1038
85109,2035,1038
85125,2035,1038
85140,2035,1038
85156,2035,1038
85171,2035,1038
85187,2035,1038
85203,2035,1038
85218,2035,1038
85234,2035,1038
85250,2035,1038
85265,2035,1038
85281,2035,1038
85296,2035,1038
85312,2035,1038
85328,2035,1038
85343,2035,1038
85359,2035,1038
85375,2035,1038
85390,2035,1038
85406,2035,1038
85421,2035,1038
85437,2035,1038
85453,2035,1038
85468,2035,1038
85484,2035,1038
85500,2035,1038
85515,2035,1038
85531,2035,1038
85546,2035,1038
85562,2035,1038
85578,2035,1038
85593,2035,1038
85609,2035,1038
85625,2035,1038
85640,2035,1038
85656,2035,1038
85671,2035,1038
85687,2035,1038
85703,2035,1038
85718,2035,1038
85734,2035,1038
85750,2035,1038
85765,2035,1038
85781,2035,1038
85796,2035,1038
85812,2035,1038
85828,2035,1038
85843,2035,1038
85859,2035,1038
85875,2035,1038
85890,2035,1038
85906,2035,1038
85921,2035,1038
85937,2035,1038
85953,2035,1038
85968,2036,1038
85984,2036,1038
86000,2036,1038
86015,2036,1038
86031,2036,1038
86046,2036,1038
86062,2036,1038
86078,2036,1038
86093,2036,1038
86109,2036,1038
86125,2036,1038
86140,2036,1038
86156,2036,1038
86171,2036,1038
86187,2036,1038
86203,2036,1038
86218,2036,1038
86234,2036,1038
86250,2036,1038
86265,2036,1038
86281,2036,1038
86296,2036,1038
86312,2036,1038
86328,2036,1038
86343,2036,1038
86359,2036,1038
86375,2037,1038
86390,2037,1038
86406,2037,1038
86421,2037,1038
86437,2037,1038
86453,2037,1038
86468,2037,1038
86484,2037,1039
86500,2037,1039
86515,2037,1039
86531,2037,1039
86546,2037,1039
86562,2037,1039
86578,2037,1039
86593,2037,1039
86609,2038,1039
86625,2038,1039
86640,2038,1039
86656,2038,1039
86671,2038,1039
86687,2038,1039
86703,2039,1037
86718,2039,1032
86734,2039,1025
86750,2039,1013
86765,2039,1000
86781,2039,980
86796,2039,952
86812,2039,913
86828,2039,858
86843,2039,788
86859,2046,715
86875,2054,646
86890,2064,588
86906,2076,537
86921,2084,496
86937,2088,471
86953,2091,457
86968,2093,443
86984,2094,428
87000,2096,410
87015,2096,390
87031,2096,370
87046,2096,350
87062,2094,325
87078,2090,298
87093,2086,273
87109,2085,253
87125,2085,238
87140,2085,228
87156,2086,218
87171,2087,208
87187,2089,200
87203,2091,191
87218,2093,181
87234,2096,171
87250,2097,165
87265,2098,160
87281,2098,157
87296,2098,155
87312,2099,155
87328,2099,155
87343,2099,153
87359,2101,150
87375,2102,145
87390,2103,140
87406,2104,135
87421,2106,130
87437,2106,127
87453,2106,126
87468,2106,126
87484,2107,123
87500,2107,122
87515,2108,118
87531,2108,116
87546,2108,113
87562,2108,113
87578,2109,111
87593,2109,108
87609,2111,105
87625,2111,100
87640,2111,97
87656,2112,93
87671,2112,87
87687,2113,82
87703,2113,80
87718,2113,78
87734,2113,78
87750,2113,78
87765,2113,78
87781,2113,78
87796,2113,78
87812,2113,78
87828,2113,78
87843,2113,78
87859,2113,78
87875,2113,78
87890,2113,78
87906,2113,78
87921,2113,78
87937,2113,78
87953,2113,78
87968,2113,79
87984,2110,81
88000,2106,85
88015,2100,88
88031,2091,90
88046,2083,94
88062,2071,98
88078,2058,103
88093,2040,110
88109,2009,125
88125,1963,149
88140,1905,175
88156,1838,191
88171,1770,190
88187,1683,175
88203,1593,156
88218,1496,131
88234,1389,98
88250,1281,62
88265,1178,27
88281,1088,0
88296,1005,0
88312,940,0
88328,885,0
88343,844,0
88359,815,3
88375,794,10
88390,778,16
88406,766,21
88421,763,24
88437,761,24
88453,761,24
88468,761,24
88484,761,25
88500,758,30
88515,751,40
88531,746,51
88546,741,64
88562,736,76
88578,734,84
88593,733,90
88609,731,98
88625,728,108
88640,723,126
88656,715,150
88671,705,185
88687,693,228
88703,680,269
88718,669,309
88734,656,348
88750,648,375
88765,640,401
88781,635,416
88796,630,429
88812,626,438
88828,624,444
88843,624,446
88859,624,446
88875,624,446
88890,624,446
88906,624,446
88921,624,446
88937,624,446
88953,624,446
88968,624,446
88984,624,446
89000,624,446
89015,624,446
89031,624,446
89046,624,446
89062,624,446
89078,624,446
89093,624,446
89109,624,446
89125,624,446
89140,624,446
89156,624,446
89171,624,446
89187,624,446
89203,624,446
89218,624,446
89234,624,446
89250,624,446
89265,624,446
89281,624,446
89296,624,446
89312,624,446
89328,624,446
89343,624,446
89359,624,446
89375,624,446
89390,624,446
89406,624,446
89421,624,446
89437,624,446
89453,624,446
89468,624,446
89484,624,446
89500,624,446
89515,624,446
89531,624,446
89546,624,446
89562,624,446
89578,624,446
89593,624,446
89609,624,446
89625,624,446
89640,624,446
89656,624,446
89671,624,446
89687,624,446
89703,624,446
89718,624,446
89734,624,446
89750,624,446
89765,624,446
89781,624,446
89796,624,446
89812,624,446
89828,624,446
89843,624,446
89859,624,446
89875,624,448
89890,628,455
89906,644,466
89921,666,479
89937,684,488
89953,701,499
89968,713,510
89984,722,519
90000,733,531
90015,738,536
90031,741,540
90046,744,544
90062,749,549
90078,753,554
90093,762,561
90109,774,571
90125,792,584
90140,816,598
90156,842,610
90171,871,623
90187,911,636
90203,961,650
90218,1013,661
90234,1063,669
90250,1099,673
90265,1129,674
90281,1158,675
90296,1188,678
90312,1218,678
90328,1249,677
90343,1284,675
90359,1327,670
90375,1369,665
90390,1417,660
90406,1463,655
90421,1513,647
90437,1567,640
90453,1619,635
90468,1677,626
90484,1722,618
90500,1753,607
90515,1776,596
90531,1794,585
90546,1808,575
90562,1816,563
90578,1822,551
90593,1829,536
90609,1842,516
90625,1858,492
90640,1883,456
90656,1909,413
90671,1937,367
90687,1963,318
90703,1991,271
90718,2016,226
90734,2036,190
90750,2054,157
90765,2067,136
90781,2076,122
90796,2079,115
90812,2082,110
90828,2083,107
90843,2084,105
90859,2086,103
90875,2086,102
90890,2086,102
90906,2086,102
90921,2086,102
90937,2085,102
90953,2084,103
90968,2083,104
90984,2080,106
91000,2078,109
91015,2074,111
91031,2073,114
91046,2073,114
91062,2071,116
91078,2071,119
91093,2071,120
91109,2070,120
91125,2070,120
91140,2070,120
91156,2070,120
91171,2070,120
91187,2070,120
91203,2070,120
91218,2070,121
91234,2069,130
91250,2066,153
91265,2064,189
91281,2061,244
91296,2060,311
91312,2060,400
91328,2062,494
91343,2062,588
91359,2058,683
91375,2054,754
91390,2053,814
91406,2054,865
91421,2056,903
91437,2058,936
91453,2062,970
91468,2063,1005
91484,2063,1035
91500,2063,1066
91515,2066,1105
91531,2068,1144
91546,2071,1174
91562,2071,1196
91578,2071,1213
91593,2071,1228
91609,2074,1244
91625,2079,1258
91640,2084,1270
91656,2089,1280
91671,2093,1286
91687,2094,1289
91703,2094,1289
91718,2094,1289
91734,2094,1289
91750,2094,1289
91765,2096,1289
91781,2096,1289
91796,2096,1291
91812,2097,1296
91828,2098,1305
91843,2098,1316
91859,2099,1330
91875,2103,1350
91890,2107,1369
91906,2111,1386
91921,2117,1406
91937,2119,1418
91953,2121,1421
91968,2122,1425
91984,2122,1425
92000,2122,1425
92015,2122,1425
92031,2122,1425
92046,2122,1425
92062,2122,1425
92078,2122,1425
92093,2122,1425
92109,2122,1425
92125,2122,1425
92140,2122,1425
92156,2122,1423
92171,2123,1418
92187,2123,1412
92203,2124,1403
92218,2126,1392
92234,2127,1382
92250,2127,1376
92265,2128,1373
92281,2128,1372
92296,2128,1372
92312,2128,1372
92328,2128,1372
92343,2128,1372
92359,2128,1372
92375,2128,1372
92390,2128,1372
92406,2128,1372
92421,2128,1372
92437,2128,1370
92453,2128,1366
92468,2128,1363
92484,2128,1363
92500,2128,1363
92515,2128,1363
92531,2128,1363
92546,2128,1363
92562,2128,1363
92578,2128,1362
92593,2128,1355
92609,2118,1338
92625,2098,1313
92640,2058,1273
92656,1995,1221
92671,1896,1131
92687,1791,1043
92703,1671,956
92718,1556,883
92734,1440,820
92750,1324,760
92765,1226,712
92781,1158,681
92796,1110,661
92812,1074,648
92828,1036,641
92843,1000,632
92859,966,627
92875,941,626
92890,923,626
92906,909,630
92921,906,630
92937,906,630
92953,906,630
92968,906,630
92984,906,630
93000,906,630
93015,906,630
93031,906,630
93046,906,630
93062,906,630
93078,907,631
93093,914,635
93109,936,644
93125,971,664
93140,1009,676
93156,1057,688
93171,1123,696
93187,1204,703
93203,1298,710
93218,1379,714
93234,1438,714
93250,1483,714
93265,1511,712
93281,1518,711
93296,1518,711
93312,1518,711
93328,1516,711
93343,1516,711
93359,1516,711
93375,1516,711
93390,1516,711
93406,1516,711
93421,1516,711
93437,1516,711
93453,1514,711
93468,1503,711
93484,1474,713
93500,1426,718
93515,1351,728
93531,1265,735
93546,1169,743
93562,1064,746
93578,965,743
93593,879,731
93609,801,708
93625,693,665
93640,673,661
93656,671,661
93671,672,666
93687,679,681
93703,689,701
93718,701,721
93734,711,739
93750,721,755
93765,732,768
